_id,author,content,description,publishedAt,source.id,source.name,title,url,urlToImage
642b43b10fef451bfdd77b2a,null,"We use cookies and data to<ul><li>Deliver and maintain Google services</li><li>Track outages and protect against spam, fraud, and abuse</li><li>Measure audience engagement and site statistics to unde… [+1131 chars]","Bitcoin, USDC stablecoin rally after US intervenes on SVB  Reuters.com",20230313T00:55:00Z,googlenews,Google News,"Bitcoin, USDC stablecoin rally after US intervenes on SVB  Reuters.com",https://consent.google.com/ml?continue=https://news.google.com/rss/articles/CBMiZGh0dHBzOi8vd3d3LnJldXRlcnMuY29tL3RlY2hub2xvZ3kvYml0Y29pbi11c2RjLXN0YWJsZWNvaW4tcmFsbHktYWZ0ZXItdXMtaW50ZXJ2ZW5lcy1zdmItMjAyMy0wMy0xMy_SAQA?oc%3D5&gl=FR&hl=enUS&cm=2&pc=n&src=1,null
642b43b10fef451bfdd77b2b,null,"We use cookies and data to<ul><li>Deliver and maintain Google services</li><li>Track outages and protect against spam, fraud, and abuse</li><li>Measure audience engagement and site statistics to unde… [+1131 chars]",Bitcoin steadies near lows hit after fall of Silvergate  Reuters.com,20230309T11:10:00Z,googlenews,Google News,Bitcoin steadies near lows hit after fall of Silvergate  Reuters.com,https://consent.google.com/ml?continue=https://news.google.com/rss/articles/CBMiY2h0dHBzOi8vd3d3LnJldXRlcnMuY29tL3RlY2hub2xvZ3kvYml0Y29pbi1zdGVhZGllcy1uZWFyLWxvd3MtaGl0LWFmdGVyLWZhbGwtc2lsdmVyZ2F0ZS0yMDIzLTAzLTA5L9IBAA?oc%3D5&gl=FR&hl=enUS&pc=n&src=1,null
642b43b10fef451bfdd77b2c,null,"We use cookies and data to<ul><li>Deliver and maintain Google services</li><li>Track outages and protect against spam, fraud, and abuse</li><li>Measure audience engagement and site statistics to unde… [+1131 chars]",Bitcoin rises to highest level since June 2022  Reuters,20230314T13:22:00Z,googlenews,Google News,Bitcoin rises to highest level since June 2022  Reuters,https://consent.google.com/ml?continue=https://news.google.com/rss/articles/CBMiYmh0dHBzOi8vd3d3LnJldXRlcnMuY29tL21hcmtldHMvY3VycmVuY2llcy9iaXRjb2luLXJpc2VzLWhpZ2hlc3QtbGV2ZWwtc2luY2UtanVuZS0yMDIyLTIwMjMtMDMtMTQv0gEA?oc%3D5&gl=FR&hl=enUS&cm=2&pc=n&src=1,null
642b43b10fef451bfdd77b2d,null,"We use cookies and data to<ul><li>Deliver and maintain Google services</li><li>Track outages and protect against spam, fraud, and abuse</li><li>Measure audience engagement and site statistics to unde… [+1131 chars]",Bitcoin near 9month high as bank turmoil sparks rally  Reuters.com,20230320T06:52:00Z,googlenews,Google News,Bitcoin near 9month high as bank turmoil sparks rally  Reuters.com,https://consent.google.com/ml?continue=https://news.google.com/rss/articles/CBMiamh0dHBzOi8vd3d3LnJldXRlcnMuY29tL21hcmtldHMvY3VycmVuY2llcy9iaXRjb2luLW5lYXItOS1tb250aC1oaWdoLWJhbmstdHVybW9pbC1zcGFya3MtcmFsbHktMjAyMy0wMy0yMC_SAQA?oc%3D5&gl=FR&hl=enUS&cm=2&pc=n&src=1,null
642b43b10fef451bfdd77b2e,null,"We use cookies and data to<ul><li>Deliver and maintain Google services</li><li>Track outages and protect against spam, fraud, and abuse</li><li>Measure audience engagement and site statistics to unde… [+1131 chars]","Cryptoverse: Hooked on growth, bitcoin investors turn to smart tokens  Reuters",20230307T06:16:00Z,googlenews,Google News,"Cryptoverse: Hooked on growth, bitcoin investors turn to smart tokens  Reuters",https://consent.google.com/ml?continue=https://news.google.com/rss/articles/CBMibGh0dHBzOi8vd3d3LnJldXRlcnMuY29tL3RlY2hub2xvZ3kvY3J5cHRvdmVyc2UtaG9va2VkLWdyb3d0aC1iaXRjb2luLWludmVzdG9ycy10dXJuLXNtYXJ0LXRva2Vucy0yMDIzLTAzLTA3L9IBAA?oc%3D5%26hl%3DenCA%26gl%3DCA%26ceid%3DCA:en&gl=FR&hl=enCA&pc=n&src=1,null
642b43b10fef451bfdd77b2f,insider@insider.com (Carla Mozée),"Bitcoin pushed higher Wednesday, sustaining its advance alongside other risk assets after the strongest official  manufacturing print in a decade out of China kickstarted trading in March. 
The worl… [+2631 chars]",Bitcoin has surged by more than 40% so far in 2023 and started off March on stronger footing.,20230301T15:48:21Z,businessinsider,Business Insider,Bitcoin edges higher after dismal February for risk assets as investors assess rate outlook and new China data,https://markets.businessinsider.com/news/currencies/bitcoinpricecryptostockschinamanufacturingdatariskassetscopper20233,https://i.insider.com/63ff5968494c7a0019f21cb0?width=1200&format=jpeg
642b43b10fef451bfdd77b30,prosen@insider.com (Phil Rosen),"Bitcoin has stormed to a 72% gain over the last three months and is on track for its strongest quarter in two years.
The token has outperformed both the Nasdaq 100 and gold, which are up 15% and 9%,… [+1167 chars]","The world's largest cryptocurrency is enjoying massive gains even though just a few months ago, some experts warned of a further crash.",20230329T13:10:39Z,businessinsider,Business Insider,"Bitcoin storms toward its strongest quarter in 2 years with a 72% jump, outperforming the Nasdaq and gold",https://markets.businessinsider.com/news/currencies/bitcoinpricetodayq1nasdaqgoldfedratehikescrypto20233,https://i.insider.com/6424307ded593e00183f0aad?width=1200&format=jpeg
642b43b10fef451bfdd77b31,ztayeb@businessinsider.com (Zahra Tayeb),"Wharton professor Jeremy Siegel has weighed in on bitcoin's recent rally, spurred on by the recent banking crisis. 
""My feeling is when people feel they're safe in the banks again, bitcoin will go b… [+1226 chars]",,20230322T13:38:59Z,businessinsider,Business Insider,"Jeremy Siegel says bitcoin's rush higher will fizzle out once people trust banks again",https://markets.businessinsider.com/news/currencies/jeremysiegelbitcoincryptorallywillfadebankingcrisis20233,https://i.insider.com/52ed527cecad049a6d4ad89c?width=1200&format=jpeg
642b43b10fef451bfdd77b32,mchittum@insider.com (Morgan Chittum),"Bitcoin jumped to a nearly ninemonth high on Tuesday as traders mulled over key inflation data that could bolster odds the Federal Reserve will slow interest rate hikes. 
The rally follows the rele… [+1992 chars]","Bitcoin soared to $26,500 shortly after the CPI report was released, surging more than 15% to hit a multimonth high.",20230314T15:32:23Z,businessinsider,Business Insider,Bitcoin notches 9month high after inflation data bolsters speculation of smaller rate hike,https://markets.businessinsider.com/news/currencies/bitcoinpricecryptomarketoutlookinflationdatacpiinterestrates20233,https://i.insider.com/63cea91bb9a04b0019eda8e3?width=1200&format=jpeg
642b43b10fef451bfdd77b33,mfox@businessinsider.com (Matthew Fox),Bitcoin surged as much as 4% on Monday amid fears of an ongoing banking crisis that started with the downfall of Silicon Valley Bank earlier this month and has now led to the takeover of Credit Suiss… [+2301 chars],"Fundstrat said bitcoin's outperformance is a testament to its ""outright resiliency"" when you consider the failures of Signature Bank and Silvergate.",20230320T13:46:19Z,businessinsider,Business Insider,Bitcoin soars to a 9month high after Credit Suisse takeover fails to calm banking fears,https://markets.businessinsider.com/news/currencies/bitcoinprice9monthhighcreditsuisseubsbankcrisis20233,https://i.insider.com/64185980718b5300194b17d2?width=1200&format=jpeg
642b43b10fef451bfdd77b34,insider@insider.com (Carla Mozée),Bitcoin slumped to its lowest price in two months Friday as the collapse of crypto depositor Silvergate Bank and the blowup of tech startup lender Silicon Valley Bank fueled a retreat by investors f… [+2141 chars],Bitcoin is veering toward a weekly loss as a fresh pain point for the crypto sector emerged from the failure of cryptofriendly Silvergate Bank.,20230310T16:22:49Z,businessinsider,Business Insider,"Bitcoin plunges under $20,000 to its lowest point in 2 months as Silvergate blowup and bank fears rattle risk assets",https://markets.businessinsider.com/news/currencies/bitcoinprice20000silvergateethersiliconvalleybankturmoilmarkets20233,https://i.insider.com/5d669bfb2e22af0e7c65d5e8?width=1200&format=jpeg
642b43b10fef451bfdd77b35,rhogg@insider.com (Ryan Hogg),"FTX has identified a $9.5 billion shortfall in top crypto and cash needed to repay customers, its new bosses have said, with just $694 million in currency that's easy to cash in.  
In a press releas… [+1756 chars]","In a presentation, lawyers for the bankrupt FTX identified billions of dollars in shortfalls across bitcoin, ethereum and other liquid assets.",20230303T11:26:38Z,businessinsider,Business Insider,"FTX has a massive $9.5 billion shortfall in top crypto and cash needed to repay customers, the bankrupt exchange's new bosses say",https://markets.businessinsider.com/news/currencies/ftxcryptoshortfallbillionssambankmanfriedexchangebankruptcyftt20233,https://i.insider.com/63f892f288f76900192d1d30?width=1200&format=jpeg
642b43b10fef451bfdd77b36,prosen@insider.com (Phil Rosen),"Michael Saylor's MicroStrategy bought 6,455 bitcoins over the last five weeks, according to a Friday SEC filing.
The purchases were made at an average price of about $23,238 per token, and totaled r… [+1307 chars]","Saylor's software company also paid off the remaining principal on a $205 million loan from failed cryptofriendly bank Silvergate.",20230327T16:42:50Z,businessinsider,Business Insider,"Michael Saylor's MicroStrategy snaps up another 6,455 bitcoin as token rallies, bringing its total holdings to $3.88 billion",https://markets.businessinsider.com/news/currencies/microstrategybitcoincryptomarketsinvestingfinancemichaelsaylorsilvergateloan20233,https://i.insider.com/624c4d26c4cd0500195a1381?width=1200&format=jpeg
642b43b10fef451bfdd77b37,mfox@businessinsider.com (Matthew Fox),"US stocks were lower on Monday after the Federal Reserve and US Treasury announced emergency measures to stop the spread of potential bank runs following the collapse of Silicon Valley Bank.
The mea… [+1210 chars]","Goldman Sachs now expects the Fed to pause its rate hikes at next week's FOMC meeting as uncertainty related to the SVB's collapse soars.",20230313T13:43:37Z,businessinsider,Business Insider,"US stocks fall as investors brace for further impacts of Silicon Valley Bank's collapse",https://markets.businessinsider.com/news/stocks/stockmarketnewstodayinvestorsdigestsiliconvalleybankcollapse20233,https://i.insider.com/6348425ff900fa001814c580?width=1200&format=jpeg
642b43b10fef451bfdd77b38,htan@insider.com (Huileng Tan),"Asian shares are slightly lower early on Monday after Switzerland's UBS struck a deal to take over peer Credit Suisse. The deal values Credit Suisse at around $3.25 billion.
The development in Europ… [+1614 chars]","Investors are still looking to the Federal Reserve's interest rate decision later this week for further cues.",20230320T02:28:38Z,businessinsider,Business Insider,"Asian shares open slightly lower, Bitcoin rallies after Switzerland's UBS seals deal to acquire Credit Suisse",https://markets.businessinsider.com/news/stocks/ubsacquirescreditsuissebankasianshareslowerbitcoincrisis20233,https://i.insider.com/6417b59ffa3bcb001907f1a8?width=1200&format=jpeg
642b43b10fef451bfdd77b39,ztayeb@businessinsider.com (Zahra Tayeb),"Bitcoin's price jumped in a broadbased rally for cryptocurrencies Monday, after US regulators stepped in to bail out customers with money in Silicon Valley Bank. 
Cryptos were staging a comeback fr… [+1897 chars]","Bitcoin's price jumped in a broadbased rally for cryptocurrencies Monday, after US regulators stepped in to bail out customers with money in Silicon Valley Bank.",20230313T11:44:18Z,businessinsider,Business Insider,Bitcoin rises and crypto market tops $1 trillion again after US regulators bail out SVB customers,https://markets.businessinsider.com/news/currencies/cryptobitcoinsiliconvalleybanksvbcustomerbailoutregulators20233,https://i.insider.com/63cea91bb9a04b0019eda8e3?width=1200&format=jpeg
642b43b10fef451bfdd77b3a,Mark Frauenfelder,The Washington Post reports that scammers are using highquality AIgenerated voice technology to impersonate loved ones and persuade victims that they are in distress and need money urgently.One exa… [+1269 chars],"The Washington Post reports that scammers are using highquality AIgenerated voice technology to impersonate loved ones and persuade victims that they are in distress and need money urgently.



One example in the article is about the parents of a man named …",20230306T18:53:31Z,null,Boing Boing,How scammers are using AI voice cloning to trick victims into sending money,https://boingboing.net/2023/03/06/howscammersareusingaivoicecloningtotrickvictimsintosendingmoney.html,https://i0.wp.com/boingboing.net/wpcontent/uploads/2023/03/clone.jpg?fit=1200%2C832&ssl=1
642b43b10fef451bfdd77b3b,msmash,"The bulk of the hacker's loot  worth roughly $135 million  was denominated in staked Ether tokens (stETH), while the remainder was held in wrapped Bitcoin and stablecoins DAI and USDC, according … [+790 chars]","Decentralized lending protocol Euler Finance was hit by an attack that drained $197 million in cryptocurrencies from its platform on Monday, making it the largest hack in its corner of the digitalassets market this year. From a report: The bulk of the hacker…",20230313T16:01:00Z,null,Slashdot.org,"DeFi Lender Euler Finance Hit By $197 Million Hack, Experts Say",https://it.slashdot.org/story/23/03/13/161224/defilendereulerfinancehitby197millionhackexpertssay,https://a.fsdn.com/sd/topics/security_64.png
642b43b10fef451bfdd77b3c,mchittum@insider.com (Morgan Chittum),US stocks climbed Tuesday as traders focused on the latest inflation data and continued to assess the fallout from the collapse of Silicon Valley Bank. The Dow Jones Industrial Average closed in the … [+1816 chars],"Regional bank stocks surged Tuesday after cratering on SVB concerns a day earlier. Meanwhile, Moody's downgraded its outlook for the US banking sector.",20230314T20:19:18Z,businessinsider,Business Insider,US stocks rise as bank shares rebound and CPI shows inflation continues to cool,https://markets.businessinsider.com/news/stocks/stockmarketnewsinflationrecessiondowsnapslosingstreaksp20233,https://i.insider.com/63e2c1fd96242f0019e7d91e?width=1200&format=jpeg
642b43b10fef451bfdd77b3d,Morgan Chittum,"Galaxy Digital CEO Mike Novogratz.Lucas Jackson/Reuters
<ul>
<li>As chaos rips through the banking sector, Mike Novogratz said the case for crypto is more prominent now.</li>
<li>Banks have been sit… [+2346 chars]","Banks have been sitting on an ""orgy of debt,"" Galaxy CEO Mike Novogratz said, leaving customers exposed to financial losses.",20230331T16:00:06Z,businessinsider,Business Insider,"Mike Novogratz says it's crypto's moment to shine as markets watch trillions of bad debt spark a global banking fiasco",https://markets.businessinsider.com/news/currencies/cryptomarketoutlookglobalbankcrisismikenovogratzgalaxydigital20233,https://i.insider.com/6138995c2534ab0018534131?width=1200&format=jpeg
642b43b10fef451bfdd77b3e,Jonathan Bennett,"We’ve covered a lot of sketchy USB devices over the years. And surely you know by now, if you find a USB drive, don’t plug it in to your computer. There’s more that could go wrong than just a malicio… [+9006 chars]","We’ve covered a lot of sketchy USB devices over the years. And surely you know by now, if you find a USB drive, don’t plug it in to your computer. There’s more that could go wrong…",20230324T14:00:23Z,null,Hackaday,"This Week in Security: USB Boom! Acropalypse, and a Bitcoin Heist",https://hackaday.com/2023/03/24/thisweekinsecurityusbboomacropalypseandabitcoinheist/,https://hackaday.com/wpcontent/uploads/2016/01/darkarts.jpg
642b43b10fef451bfdd77b3f,Thomas Eaton,"The questions
1 Threeyearold Eliza Armstrong was the first patient at which hospital?2 What is the worlds largest trade book fair?3 Marduk was the chief god of which city?4 Which songwriter was mu… [+1309 chars]","From Jack Black to Hakuhō Shō, test your knowledge with the Saturday quiz1 Threeyearold Eliza Armstrong was the first patient at which hospital?2 What is the world’s largest trade book fair?3 Marduk was the chief god of which city?4 Which songwriter was mus…",20230318T07:00:06Z,null,The Guardian,Which songwriter was musical director for Marlene Dietrich? The Saturday quiz,https://www.theguardian.com/lifeandstyle/2023/mar/18/whichsongwriterwasmusicaldirectorformarlenedietrichthesaturdayquiz,https://i.guim.co.uk/img/media/ca52a7817ef6ed000332b0e99dd9036b7f6edc70/0_224_3626_2174/master/3626.jpg?width=1200&height=630&quality=85&auto=format&fit=crop&overlayalign=bottom%2Cleft&overlaywidth=100p&overlaybase64=L2ltZy9zdGF0aWMvb3ZlcmxheXMvdGctZGVmYXVsdC5wbmc&enable=upscale&s=1c1aaf32499d029a262596f4d77fb73c
642b43b10fef451bfdd77b40,null,"We use cookies and data to<ul><li>Deliver and maintain Google services</li><li>Track outages and protect against spam, fraud, and abuse</li><li>Measure audience engagement and site statistics to unde… [+1131 chars]","<ol><li>SVB Financial Goes Bankrupt  Bloomberg Television
</li><li>SVB Financial Group files for Chapter 11 bankruptcy protection  BNN Bloomberg
</li><li>Parent of Silicon Valley Bank seeks bankruptcy protection  Business News  Castanet.net
</li><li>SVB p…",20230317T18:06:30Z,googlenews,Google News,SVB Financial Goes Bankrupt  Bloomberg Television,https://consent.google.com/ml?continue=https://news.google.com/rss/articles/CCAiC2J2b3Zub1QxXzZBmAEB?oc%3D5%26hl%3DenCA%26gl%3DCA%26ceid%3DCA:en&gl=FR&hl=enCA&cm=2&pc=n&src=1,null
642b43b10fef451bfdd77b41,Dan Milmo and agency,"The cryptocurrencyfocused US lender Silvergate is to wind down its operations after it was hit by customer withdrawals following the collapse of crypto exchange FTX.
The Californiabased bank had w… [+3223 chars]",Winddown and liquidation plan follows mass withdrawal of deposits after collapse of FTX exchange The cryptocurrencyfocused US lender Silvergate is to wind down its operations after it was hit by customer withdrawals following the collapse of crypto exchange…,20230309T14:45:15Z,null,The Guardian,Crypto bank Silvergate announces liquidation amid sector turmoil,https://www.theguardian.com/technology/2023/mar/09/cryptobanksilvergateliquidationsectorturmoilwinddownftxexchange,https://i.guim.co.uk/img/media/80cbc9fe9d08482d4bd817d00996cb7931d1b177/0_0_3888_2333/master/3888.jpg?width=1200&height=630&quality=85&auto=format&fit=crop&overlayalign=bottom%2Cleft&overlaywidth=100p&overlaybase64=L2ltZy9zdGF0aWMvb3ZlcmxheXMvdGctZGVmYXVsdC5wbmc&enable=upscale&s=b65d8993a2a83c39065eb43558101253
642b43b10fef451bfdd77b42,Molly White,"As Silvergate Bank, Silicon Valley Bank, and Signature Bank all collapsed in short succession, the price of Bitcoin surged.
As one group of insufferable multimillionaires was coming down from the pa… [+12038 chars]","There are more reasonable explanations for the price increase, and more than a few flaws with the ""safe haven"" narrative.",20230322T02:00:17Z,null,Mollywhite.net,"No, Bitcoin isn’t pumping because it’s a “safe haven” from banks",https://newsletter.mollywhite.net/p/nobitcoinisntpumpingbecauseits,"https://substackcdn.com/image/fetch/w_1200,h_600,c_limit,f_jpg,q_auto:good,fl_progressive:steep/https%3A%2F%2Fsubstackpostmedia.s3.amazonaws.com%2Fpublic%2Fimages%2F37c2d065d29341898162d35974c4f4de_1218x745.png"
642b43b10fef451bfdd77b43,Eliza Bavin,"The Germanborn man has used eight of his 10 attempts to access his Bitcoin. (Source: Getty)
Back when Bitcoin was worth only $5 a coin, Stefan Thomas was paid 7,002 of them for making a video expla… [+1554 chars]","After misplacing his digital wallet password, this man has only two more attempts before his millions are lost forever.",20230305T23:55:37Z,null,Yahoo Entertainment,Man has two more chances before $232M in Bitcoin is lost forever,https://au.finance.yahoo.com/news/manhastwomorechancesbefore232millionislostforever222045101.html,https://s.yimg.com/os/creatruploadedimages/202107/8de88490eda311ebaefeda5c70e019cd
642b43b10fef451bfdd77b44,Kalyeena Makortoff Banking correspondent,"The City watchdog and local police have raided several sites in east London suspected of housing illegal ATMs distributing cryptocurrencies, as part of a widening crackdown on the sector.
The joint … [+1974 chars]","Joint investigation with police in London follows similar one in Leeds as part of wider crackdown on sectorThe City watchdog and local police have raided several sites in east London suspected of housing illegal ATMs distributing cryptocurrencies, as part of …",20230308T12:22:28Z,null,The Guardian,City regulator joins Met in raids on suspected crypto ATM operations,https://www.theguardian.com/technology/2023/mar/08/cityregulatormetraidssuspectedcryptoatmoperationspolicelondonleedscrackdownfca,https://i.guim.co.uk/img/media/f2e32f3b1abdf154154e4d021b13facc51d838b5/0_0_4000_2400/master/4000.jpg?width=1200&height=630&quality=85&auto=format&fit=crop&overlayalign=bottom%2Cleft&overlaywidth=100p&overlaybase64=L2ltZy9zdGF0aWMvb3ZlcmxheXMvdGctZGVmYXVsdC5wbmc&enable=upscale&s=84b77443e4ec015e06f4a4ef30c9b2f5
642b43b10fef451bfdd77b45,The Associated Press,"BERLIN  German investigators said they took down a major online money laundering operation on Wednesday, seizing the Germanybased server infrastructure of a platform that dealt in illgotten crypt… [+1285 chars]","German investigators say they have taken down a major online money laundering operation, seizing the Germanybased server infrastructure of a platform that dealt in illgotten cryptocurrency",20230315T15:08:50Z,abcnews,ABC News,German investigators take down crypto money laundering site,https://abcnews.go.com/Business/wireStory/germaninvestigatorscryptomoneylaunderingsite97880159,https://s.abcnews.com/images/US/abc_news_default_2000x2000_update_16x9_992.jpg
642b43b10fef451bfdd77b46,prosen@insider.com (Phil Rosen),"US stocks rose Thursday following higherthanexpected jobless claims data and ahead of Friday's key nonfarm payrolls report. 
Initial filings for unemployment clocked in at 211,000 last week, up by… [+860 chars]","Weekly jobless claims totaled 211,000, an increase of 21,000 from the previous week and ahead of estimates for 195,000.",20230309T14:36:51Z,businessinsider,Business Insider,US stocks rise as investors assess softer employment data and brace for key jobs report,https://markets.businessinsider.com/news/stocks/stockmarketnewstodayjoblessclaimsjeromepowellratehikes20233,https://i.insider.com/61afa5886531110019cef403?width=1200&format=jpeg
642b43b10fef451bfdd77b47,mfox@businessinsider.com (Matthew Fox),"US stocks surged on Wednesday as investors got more comfortable with the idea that the US banking system is not on the brink of a crisis following the collapse of Silicon Valley Bank.
Technology sto… [+1202 chars]","Jobless claims on Thursday will give investors a sense of how strong the job market is, while PCE data on Friday will show what inflation is doing.",20230329T20:08:54Z,businessinsider,Business Insider,US stocks climb as investors shake off bank concerns ahead of new economic data,https://markets.businessinsider.com/news/stocks/stockmarketnewstodayinvestorsshakeoffbankcontagionfears20233,https://i.insider.com/5f3ac652ea6ce0002839ac80?width=1200&format=jpeg
642b43b10fef451bfdd77b48,mchittum@insider.com (Morgan Chittum),"US stocks climbed on Thursday as traders mulled fresh jobs data and continued to move past concerns around the state of the banking sector following this month's string of bank failures. 
Applicatio… [+1037 chars]","Applications for US unemployment benefits ticked higher last week, but have stayed low in a stilltight labor market.",20230330T13:39:28Z,businessinsider,Business Insider,US stocks rise as traders assess jobs data and bet bank crisis has faded,https://markets.businessinsider.com/news/stocks/stockmarketnewsinflationfedinterestratesbondsjobsreport20233,https://i.insider.com/642584b9b643e80019df7933?width=1200&format=jpeg
642b43b10fef451bfdd77b49,jsor@insider.com (Jennifer Sor),"US stocks rose on Tuesday as investors prepared for the Fed's next interest rate decision while the bank sector rallied on prospects for more deposit insurance.
Central bankers began their twoday F… [+982 chars]",The Fed is expected to address the banking turmoil and inflation when delivering its interest rate decision on Wednesday.,20230321T20:05:53Z,businessinsider,Business Insider,US stocks jump as investors prepare for interest rate decision from the Fed,https://markets.businessinsider.com/news/stocks/stockmarketnewstodaydowsp500fedmeetingratesbanks202303,https://i.insider.com/640f6c76f724e7001800caf6?width=1200&format=jpeg
642b43b10fef451bfdd77b4a,mchittum@insider.com (Morgan Chittum),"US stocks rallied Thursday as a Federal Reserve official's comments on coming interest rates hikes cheered investors.
After opening in mixed territory, the major indexes closed in the green, even as… [+1204 chars]","The Dow popped more than 300 points, supported by Salesforce's gains. Meanwhile, the 2year note yield reached levels not seen in over a decade.",20230302T21:05:32Z,businessinsider,Business Insider,US stocks rally as traders digest comments from Fed officials on coming rate hikes,https://markets.businessinsider.com/news/stocks/stockmarketnewstodaydowsp500nasdaqfedratesbostic20233,https://i.insider.com/63e2c1fd96242f0019e7d91e?width=1200&format=jpeg
642b43b10fef451bfdd77b4b,mfox@businessinsider.com (Matthew Fox),"US stocks started the month of March in the red as investors continue to fear the prospect of higher for longer interest rates.
The inflation rate unexpectedly accelerated in Germany last month, and… [+901 chars]","The Federal Reserve is expected to hike interest rates at least two more times to the 5% level, but further increases could be possible.",20230301T14:36:47Z,businessinsider,Business Insider,US stocks dip to start the month as investors grapple with fears of interest rates higher for longer,https://markets.businessinsider.com/news/stocks/stockmarketnewstodayinvestorsfearhighinterestratesfed20233,https://i.insider.com/6360270d0b271e00186bb924?width=1200&format=jpeg
642b43b10fef451bfdd77b4c,mfox@businessinsider.com (Matthew Fox),"US stocks edged lower on Friday as investors continued to worry about the current state of the US banking industry.
The Federal Reserve said late Thursday that it lent a combined $165 billion to var… [+1118 chars]",The Federal Reserve lent $165 billion to US banks as they took advantage of their emergency backstop policies in a bid to shore up liquidity.,20230317T13:38:31Z,businessinsider,Business Insider,US stocks fall as bank worries linger after firms borrow $165 billion from Fed to shore up liquidity,https://markets.businessinsider.com/news/stocks/stockmarketnewstodaybankworrieslingerfedborrowfacility20233,https://i.insider.com/639ccfcbb5600000185b2286?width=1200&format=jpeg
642b43b10fef451bfdd77b4d,jsor@insider.com (Jennifer Sor),"US stocks rose on Tuesday as banking fears eased and investors turned their attention to the Federal Open Markets Committee meeting. 
Treasury Secretary Janet Yellen said the government is ready to … [+1048 chars]",Regional bank stocks continued to recover after Treasury Secretary Janet Yellen said the government could protect customer deposits at smaller banks.,20230321T13:44:06Z,businessinsider,Business Insider,US stocks climb as banking fears ease and investors focus on key Fed meeting,https://markets.businessinsider.com/news/stocks/stockmarketnewstodaydowsp500fedbankingfearsease20233,https://i.insider.com/5f3533deb4bb1c001df52fe2?width=1200&format=jpeg
642b43b10fef451bfdd77b4e,mfox@businessinsider.com (Matthew Fox),"US stocks suffered severe whiplash on Thursday as investors continued to digest the Federal Reserve's latest interest rate hike and fresh concerns of a US banking crisis.
The Fed hiked interest rate… [+1242 chars]",Volatile trading on Thursday saw the S&P 500 erase a gain of nearly 2% as investors geared up for more comments from Treasury Secretary Janet Yellen.,20230323T20:04:27Z,businessinsider,Business Insider,US stocks end higher in volatile session as traders assess rate outlook and bank concerns,https://markets.businessinsider.com/news/stocks/stockmarketnewstodaytradersassessbankconcernsinterestrates20233,https://i.insider.com/640a33ef08f27b0018488f24?width=1200&format=jpeg
642b43b10fef451bfdd77b4f,Elvis Gwaro,"One of the biggest issues facing Bitcoin is scalability and speed. Bitcoin's underlying technology isn't particularly fast and cannot process many transactions simultaneously. That's a problem for th… [+8512 chars]","Bitcoin isn't fast enough, but the Bitcoin Liquid sidechain could be the resolution.",20230327T13:45:16Z,null,MakeUseOf,What Is the Bitcoin Liquid Sidechain and How Does It Work?,https://www.makeuseof.com/whatisbitcoinliquidsidechain/,https://static1.makeuseofimages.com/wordpress/wpcontent/uploads/2023/03/personwearingglasseswithbitcoinlensesfeature.jpg
642b43b10fef451bfdd77b50,mchittum@insider.com (Morgan Chittum),"US stocks stocks were mixed on Thursday as traders continue to mull the prospect of higher interest rates amid signs the economy remains in high gear. 
All three major indexes were on track for a lo… [+1519 chars]",The S&P 500 and the techheavy Nasdaq Composite were both on track for their second consecutive losing week.,20230302T14:45:17Z,businessinsider,Business Insider,US stocks trade mixed as inflation concerns keep traders on edge over higher rates,https://markets.businessinsider.com/news/stocks/stockmarketnewstodayinflationfedoutlookinterestrates20233,https://i.insider.com/63f8c9934ca0e30019ba4b45?width=1200&format=jpeg
642b43b10fef451bfdd77b51,gglover@insider.com (George Glover),"Elon Musk has warned that there are similarities between the collapse of Silicon Valley Bank last week and the crisis that sparked the 1929 Wall Street crash.
""Lot of current year similarities to 19… [+1660 chars]","""Lot of current year similarities to 1929,"" Musk tweeted Tuesday in response to a thread by Ark Invest CIO Cathie Wood.",20230315T13:16:37Z,businessinsider,Business Insider,Elon Musk says there are similarities between the Silicon Valley Bank crisis and the 1929 Wall Street crash,https://markets.businessinsider.com/news/stocks/elonmuskstockmarketcrashsvbsiliconvalleybankcrisis20233,https://i.insider.com/6411a389b6d9f200189125d9?width=1200&format=jpeg
642b43b10fef451bfdd77b52,mfox@businessinsider.com (Matthew Fox),"US stocks proved resilient on Monday, trading mixed despite the continued fallout from the collapse of Silicon Valley Bank and Signature Bank at the end of last week. 
Helping stocks recover from an… [+1297 chars]","""We are looking at a historic 2day drop in the 2year yield, the largest since right after the 1987 crash,"" Carson Group's Ryan Detrick told Insider.",20230313T20:13:41Z,businessinsider,Business Insider,US stocks shake off contagion fears to trade mixed amid hopes SVB crisis spurs Fed policy shift,https://markets.businessinsider.com/news/stocks/stockmarketnewstodayregionalbankcontagionfearscrisissvb20233,https://i.insider.com/624c427316e2c400196663ce?width=1200&format=jpeg
642b43b10fef451bfdd77b53,ztayeb@businessinsider.com (Zahra Tayeb),"The US banking turmoil is a win for stocks because it has prompted the Federal Reserve to pump more cash into the financial system, according to a top fund manager. 
In a CNBC interview on Friday, B… [+1419 chars]","Chaos in the US banking system is actually a good thing for stocks because investors are pricing in Fed cash injections into the economy, Unlimited Funds' Bob Elliott said.",20230327T15:33:05Z,businessinsider,Business Insider,"The banking turmoil is a win for stocks as the Fed is opening the cash spigot, a top fund manager says",https://markets.businessinsider.com/news/stocks/usstockmarketoutlookbankingturmoilfedliquidityinjection20233,https://i.insider.com/635b0b3c6c9ef4001812f889?width=1200&format=jpeg
642b43b10fef451bfdd77b54,mchittum@insider.com (Morgan Chittum),"US stocks were mostly higher on Monday following a takeover deal of Credit Suisse by UBS over the weekend in an effort to calm concerns of a global banking crisis. 
On Sunday, UBS bought its smaller… [+1597 chars]",Regional bank shares remained under pressure as investors eye further contagion risk. First Republic stock fell after its credit rating was slashed again.,20230320T13:48:31Z,businessinsider,Business Insider,US stocks trade mixed as investors assess banking turmoil after UBS takeover of Credit Suisse,https://markets.businessinsider.com/news/stocks/stockmarketnewstodaybankingcrisisubscreditsuisse20233,https://i.insider.com/64185991718b5300194b17da?width=1200&format=jpeg
642b43b10fef451bfdd77b55,mchittum@insider.com (Morgan Chittum),"US stocks ended higher on Friday as investors rallied to end the day in the green, throwing off new banking fears out of Europe.
All three major indexes ended the day higher, capping off another tum… [+1407 chars]",Key government bond yields tumbled to sixmonth lows as traders wager the Fed is nearing the end of its tightening cycle.,20230324T20:18:02Z,businessinsider,Business Insider,US stocks close higher as markets assess fresh bank woes and recession fears,https://markets.businessinsider.com/news/stocks/stockmarketnewstodaywallstreetbondsbankcrisisequities20233,https://i.insider.com/640f546aa3b2a10018b2b2f1?width=1200&format=jpeg
642b43b10fef451bfdd77b56,mchittum@insider.com (Morgan Chittum),"Cathie Wood's Ark Invest sold $13.5 million worth of Coinbase stock, dumping 160,887 shares from the firm's Ark Fintech Innovation exchangetraded fund Tuesday.
The famed money manager now holds $83… [+1428 chars]","The famed money manager now holds a 7% stake in Coinbase worth $837 million, after shares jumped 30% in the last week.",20230322T14:03:06Z,businessinsider,Business Insider,"Cathie Wood's Ark Invest dumps $13.5 million of Coinbase stock as crypto exchange notches 7month highs",https://markets.businessinsider.com/news/stocks/stockmarketpickscathiewoodsarkinvestcoinbasecryptoexchange20233,https://i.insider.com/633c32e96427060019ef2f65?width=1200&format=jpeg
642b43b10fef451bfdd77b57,mchittum@insider.com (Morgan Chittum),"XRP, the cryptocurrency issued by Ripple, is surging on rumors surrounding outcome of its longrunning legal fight with the Securities and Exchange Commission. 
The crypto is up 10% in the past 24 h… [+1581 chars]","A win against the agency would be a big victory for Ripple, and would also offer some further clarity on future regulatory treatment for many tokens.",20230329T15:35:04Z,businessinsider,Business Insider,"XRP surges 10% on speculation the CFTC's Binance suit could impact the token developer's monumental SEC case",https://markets.businessinsider.com/news/currencies/xrppricecryptorippleseccasebinancelawsuitcftcnews20233,https://i.insider.com/60265f2e2edd0f001a8d5727?width=1200&format=jpeg
642b43b10fef451bfdd77b58,mfox@businessinsider.com (Matthew Fox),"US stocks surged on Wednesday, led by technology shares, as investors refocus away from the US banking crisis and towards the direction of interest rates through the rest of the year.
Following the … [+1357 chars]",The market is expecting at least two interest rate cuts from the Federal Reserve by the end of this year following the banking crisis.,20230329T13:39:53Z,businessinsider,Business Insider,Tech rally leads US stocks higher as investors refocus on rates after bank fears recede,https://markets.businessinsider.com/news/stocks/stockmarketnewstodaytechstocksleadinterestratesoutlook20233,https://i.insider.com/5fecc995a644880018193e20?width=1200&format=jpeg
642b43b10fef451bfdd77b59,Frances Yue,"Bitcoin fell Wednesday after the Federal Reserve raised its key interest rate by a quarter of a percentage point, as widely expected, while the Fed chairman Jerome Powell said its the most likely cas… [+1339 chars]","Bitcoin fell Wednesday as the Fed raised its key interest rate by a quarter of a percentage point, as widely expected, while the Fed chairman Jerome Powell said it’s “the most likely case” that the central bank would refrain from cutting its key interest rate…",20230322T18:50:00Z,null,MarketWatch,Crypto: Bitcoin falls after Fed chair Powell said interest rate cuts in 2023 are not likely,https://www.marketwatch.com/story/bitcoinfallsafterfedchairpowellsaidinterestratecutsin2023arenotlikelyb6001999,https://images.mktw.net/im701580/social
642b43b10fef451bfdd77b5a,Noah Smith,"Having known Balaji Srinivasan for more than half of my life, I can attest that he is a man of deeply held beliefs who is bold in his business dealings. Thus, if anyone I know was going to bet some p… [+2326 chars]","Also, the dollar is not going to collapse.",20230320T16:49:00Z,null,Substack.com,In which Balaji gives away at least a million dollars,https://noahpinion.substack.com/p/inwhichbalajigivesawayatleast,"https://substackcdn.com/image/fetch/w_1200,h_600,c_limit,f_jpg,q_auto:good,fl_progressive:steep/https%3A%2F%2Fsubstackpostmedia.s3.amazonaws.com%2Fpublic%2Fimages%2F6c1453d0cafc44a4aaecb13f36c2431f_1200x720.jpeg"
642b43b10fef451bfdd77b5b,null,"DISTRIBUTEDWORKMODEL/SAN FRANCISCO(BUSINESS WIRE) 
We intend to work with the SEC and explore legal action against Hindenburg Research for the factually inaccurate and misleading report they s… [+1284 chars]","We intend to work with the SEC and explore legal action against Hindenburg Research for the factually inaccurate and misleading report they shared about our Cash App business today. Hindenburg is known for these types of attacks, which are designed solely to …",20230323T17:34:45Z,null,Block.xyz,"Block's Response to Inaccurate Short Seller Report",https://investors.block.xyz/news/newsdetails/2023/BlocksResponsetoInaccurateShortSellerReport/default.aspx,null
642b43b10fef451bfdd77b5c,null,"A democratic society is built upon discussions, before law proposals become reality. We started the conversation on the streets of Sweden, during the countrys EU presidency.","Mullvad is a VPN service that helps keep your online activity, identity, and location private. Only €5/month  We accept Bitcoin, cash, bank wire, credit card, PayPal, and Swish.",20230310T14:25:48Z,null,Mullvad.net,Mullvad campaign against EU chat control,https://mullvad.net/en/chatcontrol/campaign,https://mullvad.net/press/MullvadVPN_logo_Round_RGB_Color_positive.png
642b43b10fef451bfdd77b5d,gglover@insider.com (George Glover),"The Federal Reserve should consider bringing in a biggerthanexpected rate hike Wednesday to crush a recent bout of speculation in markets, according to top economist David Rosenberg.
""After this r… [+1834 chars]","""I am starting to wonder if 50 basis points shouldn't be back on the table,"" Rosenberg said, referring to the Fed's upcoming interestrate decision.",20230322T11:54:12Z,businessinsider,Business Insider,"Top economist David Rosenberg said the Fed should put bigger rate hikes back on the table after bouts of 'speculative lunacy'",https://markets.businessinsider.com/news/stocks/davidrosenbergtopeconomiststockmarketnewsfedinterestrates20233,https://i.insider.com/641acdc4956507001988eb68?width=1200&format=jpeg
642b43b10fef451bfdd77b5e,msmash,"Minneapolis neighborhood newspaper the Southwest Journal shuttered at the end of 2020, but its web domain continues to post fresh content under the auspices of a Delaware ""SEO company"" whose leader l… [+2226 chars]","What happens when a newspaper dies? Apparently, in some cases, its digital ghost lives on in mysterious, unrecognizable forms. From a report: Minneapolis neighborhood newspaper the Southwest Journal shuttered at the end of 2020, but its web domain continues t…",20230301T18:09:00Z,null,Slashdot.org,Zombie Newspaper Sites Rise from the Grave,https://tech.slashdot.org/story/23/03/01/189239/zombienewspapersitesrisefromthegrave,https://a.fsdn.com/sd/topics/internet_64.png
642b43b10fef451bfdd77b5f,gglover@insider.com (George Glover),"Crypto giant Tether used faked documents and shell companies to set up bank accounts in 2018  and one of those was then accessed by terrorists, according to a report.
The Wall Street Journal said Fr… [+2344 chars]",Tether is a key player in crypto because it is the issuer of a dollarpegged stablecoin with a $71 billion valuation.,20230306T12:06:05Z,businessinsider,Business Insider,"Crypto giant Tether faked key documents to set up bank accounts – and terrorists then used one of them to launder money, report says",https://markets.businessinsider.com/news/currencies/cryptotetherstablecoinissuermoneylaunderingturkishterroristsshellcompanies20233,https://i.insider.com/6405c031934c2c001802b4b2?width=1200&format=jpeg
642b43b10fef451bfdd77b60,mchittum@insider.com (Morgan Chittum),"US stocks rallied on Monday as traders digested efforts to contain a banking crisis and braced for the next policy decision from Federal Open Market Committee meeting this week.
Over the weekend, UB… [+2029 chars]","Morgan Stanley's top strategist said the fallout in the banking sector starts what's likely to be the ""vicious"" end to the bear market in stocks.",20230320T20:17:28Z,businessinsider,Business Insider,US stocks jump as traders hope worst of banking crisis has passed,https://markets.businessinsider.com/news/stocks/stockmarketnewsbankcrisiscreditsuisseubssvb20233,https://i.insider.com/63dba59ee33c4000193aa450?width=1200&format=jpeg
642b43b10fef451bfdd77b61,mfox@businessinsider.com (Matthew Fox),"US stocks jumped on Thursday as the US labor market continued to show signs of remarkable resilience despite ongoing rate hikes from the Federal Reserve and a recent banking crisis.
Weekly jobless c… [+2211 chars]",The strength in the labor market continues even as highprofile tech companies like Amazon and Meta Platforms announce more deep job cuts.,20230323T13:35:35Z,businessinsider,Business Insider,US stocks rise as fresh jobs data continues to show no sign of labor market weakness,https://markets.businessinsider.com/news/stocks/stockmarketnewstodayusjobsmarketresiliencejoblessclaims20233,https://i.insider.com/641c4f0fb7834100191aeb53?width=1200&format=jpeg
642b43b10fef451bfdd77b62,Morgan Chittum,"Traders on the floor of the New York Stock Exchange (NYSE)Spencer Platt/Getty Images
<ul>
<li>US stocks marched higher on hopes that global banking turmoil has finally settled. </li>
<li>The S&P 500… [+2387 chars]",Investors are preparing for key market data on Friday that will help gauge inflationary pressures on the US economy.,20230330T20:05:22Z,businessinsider,Business Insider,US stocks jump as traders put bank crisis behind them and brace for more inflation data,https://markets.businessinsider.com/news/stocks/stockmarketnewsbankcrisissp500nasdaqinflationrecessionfed20233,https://i.insider.com/62bad7662224c3001813f01e?width=1200&format=jpeg
642b43b10fef451bfdd77b63,Jennifer Sor,"Traders work on the floor of the New York Stock Exchange (NYSE) in New York City, New York, U.S., March 10, 2020.Andrew Kelly/Reuters
<ul>
<li>US stocks jumped on Friday, ending the first quarter on… [+2374 chars]","The S&P 500 and Nasdaq Composite saw a winning quarter, gaining 6% and 17%, respectively, since the start of the year.",20230331T20:07:43Z,businessinsider,Business Insider,Dow jumps 400 points to end tumultuous first quarter as markets move on from bank crisis,https://markets.businessinsider.com/news/stocks/stockmarketnewstodaysp500nasdaqdowbullrallyq120233,https://i.insider.com/5e70c0d9c4854064de57e3f2?width=1200&format=jpeg
642b43b10fef451bfdd77b64,mfox@businessinsider.com (Matthew Fox),"Despite a banking crisis that led to the biggest bank failure since 2008, technology stocks are doing just fine.
Since Silicon Valley Bank was taken over by the FDIC on March 10, the technology sect… [+2158 chars]","The market now expects the Fed to cut interest rates by at least 100 basis points between now and the end of the year, according to the FedWatch Tool.",20230324T14:19:50Z,businessinsider,Business Insider,An end to Fed rate hikes is just one reason why technology stocks are holding up amid the broader market chaos,https://markets.businessinsider.com/news/stocks/stockmarketanalysisendfedratehikestechnologyresilienceinflation20233,https://i.insider.com/5fac4c2a7f8f4200182a65c2?width=1200&format=jpeg
642b43b10fef451bfdd77b65,mfox@businessinsider.com (Matthew Fox),"Nvidia is looking beyond crypto as it shifts its focus to artificial intelligence, according to a recent interview with Nvidia CTO Michael Kagan.
Crypto miners feverishly bought GPUs from Nvidia dur… [+1875 chars]","""They bought a lot of stuff, and then eventually it collapsed, because it doesn't bring anything useful for society,"" Nvidia's CTO said.",20230327T16:16:26Z,businessinsider,Business Insider,"Nvidia says crypto 'doesn't bring anything useful for society' as it turns its focus to artificial intelligence",https://markets.businessinsider.com/news/stocks/nvidiacryptodoesntbringanythingusefulforsocietyaifocus20233,https://i.insider.com/6421aec7b50c2900186414bc?width=1200&format=jpeg
642b43b10fef451bfdd77b66,"Dmitry Ivanov, CoinsPaid","From flight tickets, salaries, and tuition fees to Subway sandwiches and Elon Musks perfume these days you can use crypto to cover most of your everyday expenses. Microsoft, Google, Starbucks and num… [+6857 chars]","From fast and inexpensive fees to secure transactions and a lack of chargebacks, crypto payments offer a multitude of benefits for retailers.",20230315T20:07:00Z,null,VentureBeat,Why this ‘winter’ won’t stop the growing crypto ecommerce adoption,https://venturebeat.com/virtual/whythiswinterwontstopthegrowingcryptoecommerceadoption/,https://venturebeat.com/wpcontent/uploads/2018/02/crypto2e1619080181909.jpg?w=1200&strip=all
642b43b10fef451bfdd77b67,Nick Wolny,"This story is part of Taxes 2023, CNET's coverage of the best tax software, tax tips and everything else you need to file your return and track your refund. 
Let's just say 2022 wasn't the best year… [+7248 chars]","Capital losses can help you lower your taxable income, but only under certain circumstances.",20230310T01:48:31Z,null,CNET,Can You Write Off Crypto Losses on Your Taxes?  CNET,https://www.cnet.com/personalfinance/taxes/cryptolosstaxtips/,https://www.cnet.com/a/img/resize/1515e0687dffcafe9a451aef43f0838ef8a1eae4/hub/2023/02/14/3d4a9a9c145147f0819842cd658157e9/cashmoneystack100sgreengrid.png?auto=webp&fit=crop&height=630&width=1200
642b43b10fef451bfdd77b68,Alex Hern Technology editor,The share price of cryptocurrencyfocused US bank Silvergate plummeted by nearly 50% in early trading on Thursday after fresh revelations about the extent of its exposure to the collapse of crypto ex… [+3079 chars],Stock price of cryptofocused US bank plummeted in Thursday trading and it is assessing its ability to keep goingThe share price of cryptocurrencyfocused US bank Silvergate plummeted by nearly 50% in early trading on Thursday after fresh revelations about th…,20230302T17:10:12Z,null,The Guardian,Near 50% fall in Silvergate’s shares over FTX exposure prompts survival doubts,https://www.theguardian.com/technology/2023/mar/02/near50percentfallinsilvergatesharesoverftxexposurepromptssurvivaldoubts,https://i.guim.co.uk/img/media/80cbc9fe9d08482d4bd817d00996cb7931d1b177/0_52_3888_2333/master/3888.jpg?width=1200&height=630&quality=85&auto=format&fit=crop&overlayalign=bottom%2Cleft&overlaywidth=100p&overlaybase64=L2ltZy9zdGF0aWMvb3ZlcmxheXMvdGctZGVmYXVsdC5wbmc&enable=upscale&s=d655d90f79dbd960c66ce45a2b4d4646
642b43b10fef451bfdd77b69,bnguyen@insider.com (Britney Nguyen),"A couple in Canada were reportedly scammed out of $21,000 after they received a call from someone claiming to be a lawyer who said their son was in jail for killing a diplomat in a car accident.
Ben… [+3094 chars]","The couple reportedly received a call from someone claiming to be a lawyer, saying their son was in jail for killing a diplomat in a car accident.",20230306T19:40:27Z,businessinsider,Business Insider,"A couple in Canada were reportedly scammed out of $21,000 after getting a call from an AIgenerated voice pretending to be their son",https://www.businessinsider.com/couplecanadareportedlylost21000inaigeneratedvoicescam20233,https://i.insider.com/64063842934c2c001802c680?width=1200&format=jpeg
642b43b10fef451bfdd77b6a,hbullock@insider.com (Hallam Bullock),"Phew. Hey there. Senior reporter Phil Rosen here. Before we jump into the newsletter, the Silicon Valley Bank saga is continuing to unfold, so let's quickly break down the latest.
The big story this… [+6426 chars]","Insider's Phil Rosen breaks down the collapse of two banks in three days and what Wall Street experts are saying about the turmoil.",20230313T11:00:00Z,businessinsider,Business Insider,"Signature Bank and Silicon Valley Bank's turmoil is what happens when easy money runs out  and this could be just the beginning",https://www.businessinsider.com/siliconvalleybanksignaturefedinflationmonetarypolicyfinancialmarkets20233,https://i.insider.com/640ba50cd81e7e0018be117d?width=1200&format=jpeg
642b43b10fef451bfdd77b6b,tmohamed@insider.com (Theron Mohamed),"Jerome Powell should stop sharing his views and interfering in markets, Michael Burry has said.
""Powell should have just said 'I don't know,'"" the investor of ""The Big Short"" fame tweeted on Saturda… [+2983 chars]","Michael Burry called for Fed Chair Jerome Powell to stop sharing his thoughts and interfering in markets, suggesting that distorts asset prices.",20230327T15:16:56Z,businessinsider,Business Insider,"'Big Short' investor Michael Burry says Jerome Powell should butt out and let markets set asset prices",https://markets.businessinsider.com/news/stocks/bigshortmichaelburryfedpowellassetpricesinterestrates20233,https://i.insider.com/64109b5f9aa2e6001956d8d4?width=1200&format=jpeg
642b43b10fef451bfdd77b6c,mfox@businessinsider.com (Matthew Fox),"A flurry of action in a single day this week show the Securities and Exchange Commission is getting serious about regulating the cryptocurrency industry. 
The SEC charged Justin Son of Tron, BitTorr… [+3248 chars]","The SEC said it's ""neutral about the technologies at issue"" but added it's ""anything but neutral when it comes to investor protection.""",20230323T15:21:53Z,businessinsider,Business Insider,"The SEC's recent moves against Coinbase and celebrity endorsers show the agency is getting serious about clamping down on crypto",https://markets.businessinsider.com/news/currencies/cryptoindustrysecinvestigationscoinbaselindsaylohanjakepaulcharges20233,https://i.insider.com/641c5a87b7834100191aedd4?width=1200&format=jpeg
642b43b10fef451bfdd77b6d,Carla Mozée,"Square
<ul>
<li>Shares of Block could rise 40% from recent levels, Bank of America said Friday. </li>
<li>Block gave a ""robust"" response to Hindenburg Research's report raising fraud concerns at the… [+2753 chars]","Block stock could climb to $96 on fundamentals as well as the Cash App parent's response to Hindenburg Research's report, says BofA.",20230331T17:31:19Z,businessinsider,Business Insider,"Block gave a 'robust' response to brutal shortseller report, and shares of the CashApp parent are looking at 40% upside, Bank of America says",https://markets.businessinsider.com/news/stocks/cashappblockstockpriceoutlookshortsellerhindenburgreport20233,https://i.insider.com/5df2ac22fd9db217471a1a66?width=1200&format=jpeg
642b43b10fef451bfdd77b6e,Phil Rosen,"Traders work on the floor at the New York Stock Exchange (NYSE) in New York, U.S., March 2, 2020.Brendan McDermid/Reuters
<ul>
<li>US stocks climbed on Friday, with the S&P 500 and Nasdaq on pace fo… [+2881 chars]","The Fed's preferred inflation gauge came in cooler than expected on Friday, giving investors reason to cheer at the end of a chaotic first quarter.",20230331T13:36:40Z,businessinsider,Business Insider,US stocks climb on cooler inflation data as the S&P 500 heads for a winning quarter,https://markets.businessinsider.com/news/stocks/stockmarketnewstodayeconomywinningquarterfedratehikes20233,https://i.insider.com/63b4716edb9ee80019386a2e?width=1200&format=jpeg
642b43b10fef451bfdd77b6f,Dunja Djudjic,"Photographer and activist Benjamin (Ben) Von Wong is well known for his work that raises awareness of various environmental and sociological issues. In his latest project Skull of Satoshi, Ben points… [+4627 chars]","Photographer and activist Benjamin (Ben) Von Wong is well known for his work that raises awareness of various environmental and sociological issues. In his latest project Skull of Satoshi, Ben points out to the massive impact Bitcoin has had on climate change…",20230323T14:10:54Z,null,DIYphotography,Photographer builds 11foot electronic waste skull to show Bitcoin’s impact on climate change,https://www.diyphotography.net/skullofsatoshibenjaminvonwongbitcoin/,https://www.diyphotography.net/wpcontent/uploads/2023/03/VonWong_SkullOfSatoshi_Greenpeace_Bitcoin_Horizontal51920x1280.jpg
642b43b10fef451bfdd77b70,Katie Rees,"Over $1.5 million in crypto has been stolen via a General Bytes Bitcoin ATM exploit. Hackers abused a zeroday flaw in order to steal the funds. 
 General Bytes Bitcoin ATMs Have Been Hacked 
On Ma… [+3094 chars]",Hackers have stolen over $1.5 million in crypto from General Bytes ATMs.,20230321T09:12:22Z,null,MakeUseOf,$1.5 Million in Crypto Stolen via General Bytes Bitcoin ATM Hack,https://www.makeuseof.com/15millionincryptostolengeneralbytesbitcoinatmhack/,https://static1.makeuseofimages.com/wordpress/wpcontent/uploads/2023/03/yellowbitcoinatm.jpg
642b43b10fef451bfdd77b71,Steve Goldstein,"Cathie Wood on Monday bought a stock she doesnt trade very much Microsoft 
 MSFT,
 2.58%
.The ARK Next Generation Internet ETF 
 ARKW,
 0.88%
bought $11 million worth of Microsoft, selling th… [+720 chars]","Cathie Wood on Monday bought a stock she doesn't trade very much  Microsoft.",20230321T07:52:00Z,null,MarketWatch,: Cathie Wood’s internet fund make its first Microsoft purchase,https://www.marketwatch.com/story/cathiewoodsinternetfundmakeitsfirstmicrosoftpurchaseedafe7a,https://images.mktw.net/im745473/social
642b43b10fef451bfdd77b72,Jeremy Gray,"Benjamin Von Wong, acclaimed photographer, multimedia artist, and activist, built an 11foot tall skull, the “Skull of Satoshi,” covered in electronic waste (Ewaste) to “expose Bitcoin’s impact on c… [+3386 chars]","Benjamin Von Wong, acclaimed photographer, multimedia artist, and activist, built an 11foot tall skull, the ""Skull of Satoshi,"" covered in electronic waste (Ewaste) to ""expose Bitcoin's impact on climate change.""
[Read More]",20230323T16:20:11Z,null,PetaPixel,Von Wong’s Giant ‘Skull of Satoshi’ Aims to Expose Bitcoin’s Dangers,https://petapixel.com/2023/03/23/vonwongsgiantskullofsatoshiaimstoexposebitcoinsdangers/,https://petapixel.com/assets/uploads/2023/03/skullofsatoshivonwongfeatured.jpg
642b43b10fef451bfdd77b73,David Lyangenda,"Cryptocurrency has been gaining more and more popularity in recent years, not only as a form of investment but also as a means of payment for goods and services. Crowdfunding, on the other hand, has … [+10200 chars]","Many online platforms accept crypto as a payment method, but how about crowdfunding sites? Here are eight crowdfunding platforms that accept crypto.",20230331T12:30:17Z,null,MakeUseOf,8 Crowdfunding Platforms That Accept Crypto Payments,https://www.makeuseof.com/crowdfundingplatformsacceptcrypto/,https://static1.makeuseofimages.com/wordpress/wpcontent/uploads/2023/03/handsholdingvariouscryptocurrencycoins.jpg
642b43b10fef451bfdd77b74,Jeff Burt,"Unidentified miscreants have siphoned cryptocurrency valued at more than $1.5 million from Bitcoin ATMs by exploiting an unknown flaw in digicash delivery systems.
According to General Bytes, the ou… [+4494 chars]","Terminal maker General Bytes shutters its cloud business after second breach in seven months
Unidentified miscreants have siphoned cryptocurrency valued at more than $1.5 million from Bitcoin ATMs by exploiting an unknown flaw in digicash delivery systems.…<!…",20230323T09:02:06Z,null,Theregister.com,Attackers hit Bitcoin ATMs to steal $1.5 million in crypto cash,https://www.theregister.com/2023/03/23/general_bytes_crypto_atm/,https://regmedia.co.uk/2019/10/21/shutterstock_bitcoin_atm.jpg
642b43b10fef451bfdd77b75,Oluwademilade Afolabi,"Cryptocurrency transactions are secure and trustworthy thanks to blockchain technology. However, as with most innovative systems, the blockchain has exploitable vulnerabilities, which can lead to dou… [+7645 chars]","Double spending can erode all trust in a cryptocurrency, which is why so much effort has gone into making sure this type of fraud doesn't happen.",20230324T14:00:17Z,null,MakeUseOf,What Is Double Spending in Blockchain and How Is It Prevented?,https://www.makeuseof.com/whatisdoublespendinginblockchainandhowisitprevented/,https://static1.makeuseofimages.com/wordpress/wpcontent/uploads/2023/03/blockchain1.jpg
642b43b10fef451bfdd77b76,newsfeedback@fool.com (Bram Berkowitz),"What happened
Cryptocurrencies are having a banner week, despite chaos in the broader market, especially in the banking sector, which is likely due to the fact that many see cryptocurrencies as an a… [+2987 chars]",Cryptocurrencies bucked the broader market this week and zoomed higher.,20230316T18:15:28Z,null,Motley Fool,"Why Bitcoin, Ethereum, and Bitcoin Cash Are Surging This Week",https://www.fool.com/investing/2023/03/16/whybitcoinethereumandbitcoincasharesurging/,https://g.foolcdn.com/editorial/images/724907/genericupward15.jpg
642b43b10fef451bfdd77b77,https://www.facebook.com/bbcnews,"Police in Montenegro say they have arrested a man who they believe is the fugitive crypto mogul Do Kwon.
He is wanted in connection with the collapse of his company Terraform, which is estimated to … [+1692 chars]","Police believe they have arrested Do Kwon, the crypto boss accused of a multibilliondollar fraud.",20230323T19:24:17Z,bbcnews,BBC News,Do Kwon: Fugitive crypto mogul believed caught in Montenegro,https://www.bbc.co.uk/news/technology65058533,https://ichef.bbci.co.uk/news/1024/branded_news/13999/production/_126718208_25b317efe2a447d9bff5e14c1ef783c9.jpg
642b43b10fef451bfdd77b78,newsfeedback@fool.com (Anders Bylund),"What happened
Cryptocurrencies soared this week. According to data from S&amp;P Global Market Intelligence, Bitcoin(BTC 7.52%) led the way, with a 22.2% price gain from the stock market's closing be… [+3392 chars]","Bitcoin mining company stocks have soared this week, amplifying the gains of Bitcoin itself. Here's what's going on.",20230317T11:00:00Z,null,Motley Fool,Why Bitcoin Miner Stocks Soared This Week,https://www.fool.com/investing/2023/03/17/whybitcoinminerstockssoaredthisweek/,https://g.foolcdn.com/editorial/images/724983/assemblingbitcoinminingrig.jpeg
642b43b10fef451bfdd77b79,info@hypebeast.com (Hypebeast),"Amidst a market full of shills, the world of cryptocurrency has seen a recent uptick in crypto scams as the concept of decentralized digital currency still remains new to many. Unexpectedly, the popu… [+1135 chars]","Amidst a market full of shills, the world of cryptocurrency has seen a recent uptick in crypto scams as the concept of decentralized digital currency still remains new to many. Unexpectedly, the popular tech YouTube channel Linus Tech Tips was targeted by cry…",20230324T02:53:34Z,null,HYPEBEAST,"Linus Tech Tips YouTube Hacked by Crypto Scammers, Channel Deleted",https://hypebeast.com/2023/3/linustechtipsyoutubecryptoscammershackchanneldeletedinfo,https://imagecdn.hypb.st/https%3A%2F%2Fhypebeast.com%2Fimage%2F2023%2F03%2Flinustechtipsyoutubecryptoscammershackchanneldeletedinfotw.jpg?w=960&cbr=1&q=90&fit=max
642b43b10fef451bfdd77b7a,prosen@insider.com (Phil Rosen),"Happy Friday eve, Opening Bell crew. Senior reporter Phil Rosen here. 
As if the universe knew that I hadn't written a crypto newsletter in some time, here we go: Binance, the world's largest crypto… [+5366 chars]","Insider's Phil Rosen explains how Binance is coming under scrutiny for its shuffling of customer funds in a way that's strikingly Sam BankmanFried's failed exchange.",20230302T11:05:00Z,businessinsider,Business Insider,FTX might not have been the only crypto exchange using customer money for other things,https://www.businessinsider.com/ftxshadycryptobinancecustomerfundsinvestorsmarketstokensbusd20233,https://i.insider.com/63ffaae7bb1d0b0018876e87?width=1200&format=jpeg
642b43b10fef451bfdd77b7b,ddefrancesco@businessinsider.com (Dan DeFrancesco),"In times of crisis on Wall Street, one must ask: Who is winning, and who is losing?
Depending on where you stand, the unfortunate/fortunate reality of finance is that it is a zerosum game. When one… [+5497 chars]","Silicon Valley Bank's failure set off waves of knockon effects and also left a massive hole in the industry. Here's who is up and down as a result.",20230313T19:23:50Z,businessinsider,Business Insider,The winners and losers of the Silicon Valley Bank failure,https://www.businessinsider.com/siliconvalleybankfailurebailoutwinnerslosers20233,https://i.insider.com/640c62ec8b8d9b0018cacdc3?width=1200&format=jpeg
642b43b10fef451bfdd77b7c,madams@businessinsider.com (Max Adams),"Good morning. I'm senior editor, Max Adams, standing in for Phil Rosen. 
It's official:UBS will take over Credit Suisse in a historic deal. 
The Swiss National Bank made the announcement Sunday, sa… [+5444 chars]","The stock market doesn't have a lot going for it at the moment. Riskfree yields of around 5% aren't helping.",20230320T10:15:00Z,businessinsider,Business Insider,The stock market is going to be trading flat as long as riskfree assets offer much more yield,https://www.businessinsider.com/stockmarketreturnsflatcashriskfreebondsyieldsgoldman20233,https://i.insider.com/5f492f4260bf1f002807931d?width=1200&format=jpeg
642b43b10fef451bfdd77b7d,prosen@insider.com (Phil Rosen),"Howdy team. Senior reporter Phil Rosen here. 
Everyday now we've been talking about Silicon Valley Bank SVB and I've had to catch myself several times from saying SBF Sam BankmanFried the guy behin… [+5016 chars]","Insider's Phil Rosen explains how the latest CPI data and ongoing bank crisis impact the Fed's policy path.",20230315T10:20:00Z,businessinsider,Business Insider,Silicon Valley Bank and inflation complicate the Fed’s next move,https://www.businessinsider.com/siliconvalleybankinflationcpifedratehikesignaturecrisis20233,https://i.insider.com/63650f01ff27460018ed955a?width=1200&format=jpeg
642b43b10fef451bfdd77b7e,Allyson Versprille and Lydia Beyoud / Bloomberg,"The U.S. Securities and Exchange Commission sued crypto mogul Justin Sun for allegedly violating securities rules, and said eight celebrities including Lindsay Lohan and the artist known as Soulja Bo… [+3181 chars]",The SEC said eight celebrities including Lindsay Lohan and the artist known as Soulja Boy illegally touted tokens.,20230322T21:56:19Z,time,Time,"Lindsay Lohan, Soulja Boy Accused by SEC of Illegally Touting Crypto Token",https://time.com/6265382/lindsaylohansouljaboycryptosec/,https://api.time.com/wpcontent/uploads/2023/03/GettyImages1248249583.jpg?quality=85&w=810&h=579&crop=1
642b43b10fef451bfdd77b7f,newsfeedback@fool.com (Dominic Basulto),"In early March, the U.S. Treasury announced plans to impose a 30% tax on U.S.based crypto mining operations. Moreover, the U.S. Treasury signaled that, moving forward, all crypto mining companies wi… [+5496 chars]","While Bitcoin miners would likely suffer from a new 30% tax on operations, the outlook is much more uncertain for the price of Bitcoin.",20230314T09:13:00Z,null,Motley Fool,What Do New Crypto Mining Taxes Mean For Bitcoin?,https://www.fool.com/investing/2023/03/14/whatdonewcryptominingtaxesmeanforbitcoin/,https://g.foolcdn.com/editorial/images/724432/bitcoinhitbylightningcrypto.jpg
642b43b10fef451bfdd77b80,Tyler Cowen,"“Crypto prices soar on support for depositors” (FT)
Bitcoin and ether jump 20% in the last three days after US authorities intervene
I’ve said it before and I’ll say it again.  Crypto is a “luxury,… [+210 chars]","“Crypto prices soar on support for depositors” (FT) Bitcoin and ether jump 20% in the last three days after US authorities intervene I’ve said it before and I’ll say it again.  Crypto is a “luxury,” longterm financial intermediation project which may or may …",20230315T06:28:11Z,null,Marginalrevolution.com,Not your grandfather’s crypto?,https://marginalrevolution.com/marginalrevolution/2023/03/notyourgrandfatherscrypto.html,https://marginalrevolution.com/wpcontent/uploads/2016/10/MRlogothumbnail.png
642b43b10fef451bfdd77b81,newsfeedback@fool.com (David Moadel),"Bracing for a crypto comeback? Consider buying the granddaddy of cryptocurrencies, Bitcoin (BTC 0.48%), if you're bullish on blockchainbased tokens generally. After all, crypto is already volatile … [+4155 chars]","Just because an asset is already pricey doesn't mean it can't make a multibagger move.",20230307T18:49:00Z,null,Motley Fool,Do This Before Bitcoin Skyrockets,https://www.fool.com/investing/2023/03/07/dothisbeforebitcoinskyrockets/,https://g.foolcdn.com/editorial/images/723217/btcbitcoincoincryptocurrencycryptodigitalassetscryptocurrenciescryptoselectroniccurrency.jpg
642b43b10fef451bfdd77b82,Carly Wanna,"(Bloomberg)  Turmoil in the banking sector, hotterthan expected inflation data, and renewed hopes for a dovish Federal Reserve has Bitcoin reaching levels not seen in about nine months.
Most Read… [+2395 chars]","(Bloomberg)  Turmoil in the banking sector, hotterthan expected inflation data, and renewed hopes for a dovish Federal Reserve has Bitcoin reaching levels...",20230319T18:11:04Z,null,Yahoo Entertainment,"Bitcoin Thrives in Chaos, Breaks Above $28,000 For First Time Since June",https://finance.yahoo.com/news/bitcointhriveschaosbreaksabove181104262.html,https://media.zenfs.com/en/bloomberg_technology_68/6a26017e0a549b9427e8c31fe0740a11
642b43b10fef451bfdd77b83,newsfeedback@fool.com (Leo Sun),"In late 2020, Marathon Digital(MARA 6.42%) transformed from a patent holding company into a Bitcoin(BTC 3.08%) mining one. It abandoned its original business model, poured all of its cash into Bitco… [+4766 chars]",The Bitcoin mining company faces some nearterm challenges.,20230315T13:03:20Z,null,Motley Fool,Where Will Marathon Digital Stock Be in 1 Year?,https://www.fool.com/investing/2023/03/15/wherewillmarathondigitalstockbein1year/,https://g.foolcdn.com/editorial/images/724692/bitcointokens.jpg
642b43b10fef451bfdd77b84,newsfeedback@fool.com (RJ Fulton),"Bitcoin (BTC 3.61%), which is up more than 60% this year, just experienced its best week since December 2020. While stretches like this often lead investors to anticipate some sort of correction, th… [+2902 chars]","As spring approaches, it seems Bitcoin is warming up, too.",20230328T11:45:00Z,null,Motley Fool,3 Reasons Bitcoin Might Have Thawed This Crypto Winter,https://www.fool.com/investing/2023/03/28/3reasonsbitcoinmighthavethawedthiscryptowi/,https://g.foolcdn.com/editorial/images/725986/futuristicrocketshipblastingthroughspacetothemoon.jpg
642b43b10fef451bfdd77b85,newsfeedback@fool.com (RJ Fulton),"With the recent turmoil in the banking industry as a backdrop, Cathie Wood and her team at Ark Invest believe Bitcoin (BTC 1.69%) is displaying traits usually only seen in safehaven assets such as g… [+3056 chars]","While banks stumbled, Bitcoin proved why it's a viable alternative.",20230324T10:59:00Z,null,Motley Fool,Is the Banking Fiasco a Boon for Bitcoin? Cathie Wood Thinks So,https://www.fool.com/investing/2023/03/24/isthebankingfiascoaboonforbitcoincathiewo/,https://g.foolcdn.com/editorial/images/725667/futuristicrocketshipblastingthroughspacetothemoon.jpg
642b43b10fef451bfdd77b86,AndroidGuys,"Bitcoin is the safest way to fund your online casino account and the fastest option when it comes to withdrawals one of the many reasons UK players prefer to play at Bitcoin casinos.
But, before you… [+29445 chars]","Bitcoin is the safest way to fund your online casino account and the fastest option when it comes to withdrawals — one of the many reasons UK players prefer to play at Bitcoin casinos. But, before you join the very first crypto gambling site you come across, …",20230324T13:00:00Z,null,AndroidGuys,Best Bitcoin casinos in the UK: Top crypto online casinos for UK players (Exclusive games & BTC bonuses),https://www.androidguys.com/promotednews/bestbitcoincasinosuk/,https://www.androidguys.com/wpcontent/uploads/2023/03/bestbitcoincasinouk2.jpg
642b43b10fef451bfdd77b87,Juli Clover,"With the launch of iOS 16.3 and macOS 13.2 Ventura, Apple added Security Keys for the Apple ID, offering a more robust way to protect your Apple account and everything associated with your Apple acco… [+7125 chars]","With the launch of iOS 16.3 and macOS 13.2 Ventura, Apple added Security Keys for the Apple ID, offering a more robust way to protect your Apple account and everything associated with your Apple account.





A Security Key is a physical device that works wit…",20230317T19:10:00Z,null,MacRumors,"Review: Yubico's 5C NFC YubiKey Works Well With Apple's Security Keys Feature",https://www.macrumors.com/review/yubikey5cnfc/,https://images.macrumors.com/t/I7RtipzjsBHjZC5jsl0h58bxxh4=/1600x/articlenew/2023/03/yubico5cnfc.jpg
642b43b10fef451bfdd77b88,Katie Rees,"Cryptocurrency is an undeniably controversial kind of asset. While some love the crypto space and have invested thousands in the industry, others steer clear of crypto altogether, believing it to be … [+9071 chars]","Getting into crypto isn't clearcut, so we've summarized the reasons why you and why you shouldn't.",20230304T11:15:15Z,null,MakeUseOf,The 12 Main Pros and Cons of Crypto Explained,https://www.makeuseof.com/prosconsofcryptosummarized/,https://static1.makeuseofimages.com/wordpress/wpcontent/uploads/2023/02/goldbtcdogeth.jpg
642b43b10fef451bfdd77b89,newsfeedback@fool.com (Dominic Basulto),"For the first two months of 2023, Bitcoin(BTC 4.50%) has been on a remarkable run. It's now up 41.45% for the year, and trades at just over $23,479. But there are signs that Bitcoin is running out o… [+4164 chars]","For investors taking a longterm approach to the crypto market, Bitcoin's current price looks like an incredible bargain.",20230303T11:55:00Z,null,Motley Fool,"Should You Buy Bitcoin While It's Still Below $25,000?",https://www.fool.com/investing/2023/03/03/shouldyoubuybitcoinbelow25000/,https://g.foolcdn.com/editorial/images/723062/goldcoinwithbitcoinsymbolonitcryptocurrencybtc.jpg
642b43b10fef451bfdd77b8a,"Rashan Dixon, Microsoft",Digital security is a growing concern for business owners. We live in a postpandemic era defined by data breaches and online threats that have only increased as everyone has adjusted to a remotefir… [+5067 chars],Leaders must use cybersecurityfocused vendors and identity providers (idPs) that use solutions like multifactor authentication (MFA).,20230312T17:10:00Z,null,VentureBeat,Multifactor authentication: Keeping employee data secure through digital ID management,https://venturebeat.com/security/multifactorauthenticationkeepingemployeedatasecurethroughdigitalidmanagement/,https://venturebeat.com/wpcontent/uploads/2022/06/GettyImages1371541328e1655483927844.jpg?w=1200&strip=all
642b43b10fef451bfdd77b8b,newsfeedback@fool.com (Dominic Basulto),"New nonfungible tokens (NFTs) from Bitcoin known as Ordinals continue to generate a tremendous amount of buzz, hype, and speculation. But what impact will they actually have on the valuation of Bitc… [+4939 chars]",Bitcoin NFTs are an interesting phenomenon but are unlikely to move the needle on how longterm investors value the crypto.,20230306T11:05:00Z,null,Motley Fool,"What Do New NFTs Mean for Bitcoin's Future Valuation?",https://www.fool.com/investing/2023/03/06/whatnewnftsmeanforbitcoinsfuture/,https://g.foolcdn.com/editorial/images/723253/nftnonfungibletokengoldencoinsfalling.jpg
642b43b10fef451bfdd77b8c,newsfeedback@fool.com (Dominic Basulto),"Bitcoin(BTC 2.43%) has been on a remarkable run to start the year, up 65.93% year to date. But, as any crypto investor knows, investing in Bitcoin always comes with tremendous volatility and risk. E… [+5448 chars]","Coinbase Global, MicroStrategy, and PayPal could give investors indirect access to Bitcoin  with less volatility and risk.",20230324T15:33:00Z,null,Motley Fool,Still Not Ready to Buy Bitcoin? Invest in These Stocks Instead,https://www.fool.com/investing/2023/03/24/notreadytobuybitcoininvestinthesestocks/,https://g.foolcdn.com/editorial/images/725659/bitcoinhitbylightningcrypto.jpg
642b43b10fef451bfdd77b8d,newsfeedback@fool.com (RJ Fulton),"Many believe that the recent turmoil in the banking industry is the reason for Bitcoin's (BTC 0.22%) recent jump and why it moved past $28,000 for the first time in nine months. While it might come … [+3820 chars]","Up more than 30% in the last two weeks, Bitcoin seems to be benefiting from troubles in the banking sector. But can it actually replace banks?",20230325T16:37:00Z,null,Motley Fool,Is Bitcoin the Future of Banking?,https://www.fool.com/investing/2023/03/25/isbitcointhefutureofbanking/,https://g.foolcdn.com/editorial/images/725676/bitcoincryptocurrencycomputerdisplay1.jpg
642b43b10fef451bfdd77b8e,Yilmaz Mustafa,"Bitcoin(BTC 0.22%) has been on a remarkable run to start the year, up 65.93% year to date. But, as any crypto investor knows, investing in Bitcoin always comes with tremendous volatility and risk. E… [+5448 chars]","Bitcoin is still a buy, even after its recent run-up.",20230326T15:00:00Z,null,Motley Fool,Why Bitcoin Is Still a Buy???,https://www.fool.com/investing/2023/03/26/whybitcoinisstillabuy/,https://g.foolcdn.com/editorial/images/725776/bitcoinbtc.jpg