source,author,title,description,url,urlToImage,publishedAt,content
"{'id': 'abc-news', 'name': 'ABC News'}",The Associated Press,First Republic up in air as regulators juggle bank's fate,Regulators continued their search for a solution to First Republic Bank’s woes over the weekend before stock markets were set to open Monday,https://abcnews.go.com/US/wireStory/republic-air-regulators-juggle-banks-fate-98974733,https://s.abcnews.com/images/US/wirestory_7a3aba1a94652d2d21f5a10d73894d4d_12x5_992.jpg,2023-04-30T22:33:01Z,"Regulators continued their search for a solution to First Republic Banks woes over the weekend before stock markets were set to open Monday. 
San Francisco-based First Republic has struggled since t… [+3103 chars]"
"{'id': 'the-washington-times', 'name': 'The Washington Times'}",Ramsey Touchberry,House Republicans accuse Dems of 'shamelessly lying' about veterans' benefits under debt-limit bill,House Republicans say President Biden and Democrats are lying about cuts to services for veterans under legislation recently passed in the chamber to raise the debt ceiling and avoid default on the national debt.,https://www.washingtontimes.com/news/2023/apr/30/elise-stefanik-democrats-are-lying-about-veterans-/,https://twt-thumbs.washtimes.com/media/image/2023/04/17/Trump_Indictment_Bragg_47425--e4919_c0-120-2880-1800_s1200x700.jpg?19911c5d2bb3c2773b88b661ccaa8f6290c2f74c,2023-04-30T22:32:39Z,House Republicans say President Biden and Democrats are lying about cuts to services for veterans under legislation recently passed in the chamber to raise the debt ceiling and avoid default on the n… [+4516 chars]
"{'id': 'google-news', 'name': 'Google News'}",,Prince William revealed to have 'special role' in King's Coronation | Today Show Australia - TODAY,"<ol><li>Prince William revealed to have 'special role' in King's Coronation | Today Show Australia  TODAY
</li><li>Sneak peek of King Charles III coronation robes unveiled  CTV News
</li><li>Coronation: Military rehearse parade on replica route  BBC
</li><…",https://consent.google.com/ml?continue=https://news.google.com/rss/articles/CCAiC1N0R1I4Mk1sWFVjmAEB?oc%3D5&gl=FR&hl=en-US&cm=2&pc=n&src=1,,2023-04-30T22:32:38Z,"We use cookies and data to<ul><li>Deliver and maintain Google services</li><li>Track outages and protect against spam, fraud, and abuse</li><li>Measure audience engagement and site statistics to unde… [+1131 chars]"
"{'id': 'usa-today', 'name': 'USA Today'}","USA TODAY, Jeff Zillgitt, USA TODAY","Stephen Curry's historic Game 7 helps Warriors close out Kings, sets up showdown with Lakers",Steph Curry scored a record-setting 50 points as sixth-seeded Golden State eliminated the third-seeded Sacramento Kings from the NBA playoffs.,https://www.usatoday.com/story/sports/nba/2023/04/30/warriors-beat-kings-playoffs-first-round-game-7/11773411002/,"https://www.gannett-cdn.com/presto/2023/04/30/USAT/ab2a93cd-f611-4884-918d-48ee58ad11f4-new-curry.jpg?auto=webp&crop=3713,2089,x387,y233&format=pjpg&width=1200",2023-04-30T22:31:23Z,"No matter their record, especially on the road, no matter their seed and no matter the extenuating circumstances – such as a Game 7 in Sacramento – the Golden State Warriors still have Stephen Curry.… [+1819 chars]"
"{'id': 'google-news', 'name': 'Google News'}",,別多繳了！綜所稅報稅今開跑 「8大利多」懶人包一次看 - Yahoo奇摩新聞,"<ol><li>別多繳了！綜所稅報稅今開跑 「8大利多」懶人包一次看  Yahoo奇摩新聞
</li><li>5月「9大新制」一次看 減稅紅包來了、路口大執法  ETtoday新聞雲
</li><li>聰明報稅／明天開始報稅！12大利多超有感  NOWnews 今日新聞
</li><li>5/1報稅了！ 8大利多、手機報稅3、0「超商繳超快」  Yahoo奇摩新聞
</li><li>綜所稅報稅5月1日起跑 留意八利多  聯合新聞網
</li><li>前往 Google 新聞查看完整報導</li></ol>",https://consent.google.com/ml?continue=https://news.google.com/rss/articles/CBMi4gFodHRwczovL3R3Lm5ld3MueWFob28uY29tLyVFNSU4OCVBNSVFNSVBNCU5QSVFNyVCOSVCMyVFNCVCQSU4Ni0lRTclQjYlOUMlRTYlODklODAlRTclQTglODUlRTUlQTAlQjElRTclQTglODUlRTQlQkIlOEElRTklOTYlOEIlRTglQjclOTEtOCVFNSVBNCVBNyVFNSU4OCVBOSVFNSVBNCU5QS0lRTYlODclQjYlRTQlQkElQkElRTUlOEMlODUtJUU2JUFDJUExJUU3JTlDJThCLTIyMzAxOTg5OC5odG1s0gHqAWh0dHBzOi8vdHcubmV3cy55YWhvby5jb20vYW1waHRtbC8lRTUlODglQTUlRTUlQTQlOUElRTclQjklQjMlRTQlQkElODYtJUU3JUI2JTlDJUU2JTg5JTgwJUU3JUE4JTg1JUU1JUEwJUIxJUU3JUE4JTg1JUU0JUJCJThBJUU5JTk2JThCJUU4JUI3JTkxLTglRTUlQTQlQTclRTUlODglQTklRTUlQTQlOUEtJUU2JTg3JUI2JUU0JUJBJUJBJUU1JThDJTg1LSVFNiVBQyVBMSVFNyU5QyU4Qi0yMjMwMTk4OTguaHRtbA?oc%3D5&gl=FR&hl=en-US&cm=2&pc=n&src=1,,2023-04-30T22:30:19Z,"We use cookies and data to<ul><li>Deliver and maintain Google services</li><li>Track outages and protect against spam, fraud, and abuse</li><li>Measure audience engagement and site statistics to unde… [+1131 chars]"
"{'id': 'usa-today', 'name': 'USA Today'}",Data Skrive,"Watch Rayo Vallecano vs. Real Valladolid Online: Live Stream, Start Time","The upcoming game between Real Valladolid and Rayo Vallecano at Estadio de Vallecas is on May 4, beginning at 4:00 PM ET.Last time out, Rayo Vallecano suffered a 4-0 loss away from home against Elc…",https://ftw.usatoday.com/article/watch-rayo-vallecano-vs-real-valladolid-online-live-stream-start-time,https://ftw.usatoday.com/wp-content/uploads/sites/90/2023/04/2Rz5eqI-1.jpg?w=1024&h=576&crop=1,2023-04-30T22:30:00Z,"The upcoming game between Real Valladolid and Rayo Vallecano at Estadio de Vallecas is on May 4, beginning at 4:00 PM ET.
Last time out, Rayo Vallecano suffered a 4-0 loss away from home against Elc… [+2014 chars]"
"{'id': 'usa-today', 'name': 'USA Today'}",Data Skrive,"Watch Getafe CF vs. RC Celta de Vigo Online: Live Stream, Start Time","Getafe CF and RC Celta de Vigo both bring one of LaLiga’s best goal-scorers into their upcoming match in Getafe. Getafe’s top scorer, Enes Unal, is ranked fourth in the league, while Ce…",https://ftw.usatoday.com/article/watch-getafe-cf-vs-rc-celta-de-vigo-online-live-stream-start-time,https://ftw.usatoday.com/wp-content/uploads/sites/90/2023/04/D1vfo0K-1.jpg?w=1024&h=576&crop=1,2023-04-30T22:30:00Z,"Getafe CF and RC Celta de Vigo both bring one of LaLiga’s best goal-scorers into their upcoming match in Getafe. Getafe’s top scorer, Enes Unal, is ranked fourth in the league, while Celta de Vigo’s … [+2040 chars]"
"{'id': 'google-news', 'name': 'Google News'}",,又是台中校園！高中生疑感情糾紛 遭同學設局持球棒圍毆 - 自由時報,"<ol><li>又是台中校園！高中生疑感情糾紛 遭同學設局持球棒圍毆  自由時報
</li><li>台中高二生「遭設局」被女同學約出痛毆 全身傷一周不敢去學校  聯合新聞網
</li><li>台中高二男 遭6同學設局持球棒痛毆  自由時報
</li><li>疑感情因素持球棒圍毆 台中驚傳學生3打1霸凌  中時新聞網 Chinatimes.com
</li><li>台中男高中生疑遭設局圍毆警調查偵辦| 聯合新聞網  聯合新聞網
</li><li>前往 Google 新聞查看完整報導</li></ol>",https://consent.google.com/ml?continue=https://news.google.com/rss/articles/CBMiOWh0dHBzOi8vbmV3cy5sdG4uY29tLnR3L25ld3Mvc29jaWV0eS9icmVha2luZ25ld3MvNDI4NjgzNtIBPWh0dHBzOi8vbmV3cy5sdG4uY29tLnR3L2FtcC9uZXdzL3NvY2lldHkvYnJlYWtpbmduZXdzLzQyODY4MzY?oc%3D5&gl=FR&hl=en-US&cm=2&pc=n&src=1,,2023-04-30T22:30:00Z,"We use cookies and data to<ul><li>Deliver and maintain Google services</li><li>Track outages and protect against spam, fraud, and abuse</li><li>Measure audience engagement and site statistics to unde… [+1131 chars]"
"{'id': 'usa-today', 'name': 'USA Today'}",Data Skrive,"Watch Atletico Madrid vs. Cadiz CF Online: Live Stream, Start Time","The upcoming match between Atletico Madrid and Cadiz CF is located at Wanda Metropolitano in Madrid, Spain on Wednesday, May 3, kicking off at 4:00 PM ET.Atletico Madrid’s last game was a 5-2…",https://ftw.usatoday.com/article/watch-atletico-madrid-vs-cadiz-cf-online-live-stream-start-time,https://ftw.usatoday.com/wp-content/uploads/sites/90/2023/04/mpYvSK0-1.jpg?w=1024&h=576&crop=1,2023-04-30T22:30:00Z,"The upcoming match between Atletico Madrid and Cadiz CF is located at Wanda Metropolitano in Madrid, Spain on Wednesday, May 3, kicking off at 4:00 PM ET.
Atletico Madrid’s last game was a 5-2 victo… [+2104 chars]"
"{'id': 'google-news', 'name': 'Google News'}",,"U.S. Army: Helicopters crashed in mountains, fair weather - CTV News","<ol><li>U.S. Army: Helicopters crashed in mountains, fair weather  CTV News
</li><li>US army grounds all aviation units for training after fatal helicopter crashes  The Guardian US
</li><li>U.S. Army identifies 3 soldiers killed in Alaska helicopter crash  …",https://consent.google.com/ml?continue=https://news.google.com/rss/articles/CBMiXWh0dHBzOi8vd3d3LmN0dm5ld3MuY2Evd29ybGQvdS1zLWFybXktaGVsaWNvcHRlcnMtY3Jhc2hlZC1pbi1tb3VudGFpbnMtZmFpci13ZWF0aGVyLTEuNjM3Nzc2M9IBAA?oc%3D5&gl=FR&hl=en-US&cm=2&pc=n&src=1,,2023-04-30T22:28:54Z,"We use cookies and data to<ul><li>Deliver and maintain Google services</li><li>Track outages and protect against spam, fraud, and abuse</li><li>Measure audience engagement and site statistics to unde… [+1131 chars]"
"{'id': 'google-news', 'name': 'Google News'}",,Arbeitszeit: Hubertus Heil gegen Viertagewoche in allen Branchen - zeit.de,"<ol><li>Arbeitszeit: Hubertus Heil gegen Viertagewoche in allen Branchen  zeit.de
</li><li>Neue Debatte um Viertagewoche zum Tag der Arbeit: Ein Modell mit Zukunft?  Berliner Zeitung
</li><li>Viertagewoche: Arbeitgeber nennen Eskens Vorschlag „Milchmädchenr…",https://consent.google.com/ml?continue=https://news.google.com/rss/articles/CBMiZmh0dHBzOi8vd3d3LnplaXQuZGUvd2lydHNjaGFmdC8yMDIzLTA0L2FyYmVpdHN6ZWl0LXZpZXItdGFnZS13b2NoZS1odWJlcnR1cy1oZWlsLWJ1bmRlc2FyYmVpdHNtaW5pc3RlctIBAA?oc%3D5&gl=FR&hl=en-US&cm=2&pc=n&src=1,,2023-04-30T22:28:36Z,"We use cookies and data to<ul><li>Deliver and maintain Google services</li><li>Track outages and protect against spam, fraud, and abuse</li><li>Measure audience engagement and site statistics to unde… [+1131 chars]"
"{'id': 'google-news', 'name': 'Google News'}",,People are just realizing new Android setting stops bank-draining criminals and it’s turned on in seconds... - The Sun,People are just realizing new Android setting stops bank-draining criminals and it’s turned on in seconds...  The Sun,https://consent.google.com/ml?continue=https://news.google.com/rss/articles/CBMiWWh0dHBzOi8vd3d3LnRoZXN1bi5jby51ay90ZWNoLzIyMjEyNDk5L25ldy1hbmRyb2lkLXNldHRpbmctc3RvcHMtYmFuay1kcmFpbmluZy1jcmltaW5hbHMv0gFdaHR0cHM6Ly93d3cudGhlc3VuLmNvLnVrL3RlY2gvMjIyMTI0OTkvbmV3LWFuZHJvaWQtc2V0dGluZy1zdG9wcy1iYW5rLWRyYWluaW5nLWNyaW1pbmFscy9hbXAv?oc%3D5&gl=FR&hl=en-US&cm=2&pc=n&src=1,,2023-04-30T22:28:28Z,"We use cookies and data to<ul><li>Deliver and maintain Google services</li><li>Track outages and protect against spam, fraud, and abuse</li><li>Measure audience engagement and site statistics to unde… [+1131 chars]"
"{'id': 'google-news', 'name': 'Google News'}",,国象世界冠军赛：丁立人加赛绝杀 加冕世界棋王 - 华龙网,"<ol><li>国象世界冠军赛：丁立人加赛绝杀 加冕世界棋王  华龙网
</li><li>丁立人击败俄国强手成为中国第一位世界棋王  RFI - 法国国际广播电台
</li><li>丁立人夺冠，创造历史！|丁立人|国际象棋|冠军赛  新浪
</li><li>丁立人击败俄棋手膺中国首位国际象棋世界棋王- 国际- 即时国际| 星洲网Sin Chew Daily Malaysia Latest News and Headlines  星洲网 Sin Chew Daily
</li><li>丁立人：曾抗拒参加冠军…",https://consent.google.com/ml?continue=https://news.google.com/rss/articles/CBMiWWh0dHBzOi8vbmV3cy5jcW5ld3MubmV0LzEvZGV0YWlsLzExMDI0ODE1MzI0MDk1NTY5OTIvd2ViL2NvbnRlbnRfMTEwMjQ4MTUzMjQwOTU1Njk5Mi5odG1s0gEA?oc%3D5&gl=FR&hl=en-US&cm=2&pc=n&src=1,,2023-04-30T22:27:39Z,"We use cookies and data to<ul><li>Deliver and maintain Google services</li><li>Track outages and protect against spam, fraud, and abuse</li><li>Measure audience engagement and site statistics to unde… [+1131 chars]"
"{'id': 'google-news', 'name': 'Google News'}",,Uncovering the Human Genome's Secrets: 240 Mammalian Species Shed Light on What Makes Us Unique - Neuroscience News,"<ol><li>Uncovering the Human Genome's Secrets: 240 Mammalian Species Shed Light on What Makes Us Unique  Neuroscience News
</li><li>Zoonomia: Genetic research reveals all we share with animals  Phys.org
</li><li>Mammalian Tree of Life Redefined: Genomic Tim…",https://consent.google.com/ml?continue=https://news.google.com/rss/articles/CBMiN2h0dHBzOi8vbmV1cm9zY2llbmNlbmV3cy5jb20vaHVtYW4tZ2Vub21lLXVuaXF1ZS0yMzE1MS_SAQA?oc%3D5&gl=FR&hl=en-US&cm=2&pc=n&src=1,,2023-04-30T22:27:12Z,"We use cookies and data to<ul><li>Deliver and maintain Google services</li><li>Track outages and protect against spam, fraud, and abuse</li><li>Measure audience engagement and site statistics to unde… [+1131 chars]"
"{'id': 'usa-today', 'name': 'USA Today'}",Andrew Joseph,Steph Curry's epic 50-point performance in Game 7 had the NBA world justifiably in awe,One of his best performances ever.,https://ftw.usatoday.com/lists/stephen-curry-50-points-warriors-kings-game-7-video-players-reaction,https://ftw.usatoday.com/wp-content/uploads/sites/90/2023/04/steph.jpeg?w=1024&h=576&crop=1,2023-04-30T22:27:00Z,"When the season is on the line, you expect the best players to show up. And on Sunday, Stephen Curry did that … and then some.
The Golden State Warriors kept their title defense alive with a 120-100… [+1411 chars]"
"{'id': 'bbc-news', 'name': 'BBC News'}",,Finau wins Mexico Open by three shots from Rahm,"Tony Finau wins the Mexico Open by three shots from John Rahm, having finished second to the Spaniard last year.",https://www.bbc.co.uk/sport/golf/65442864,https://ichef.bbci.co.uk/live-experience/cps/624/cpsprodpb/11021/production/_129556696_gettyimages-1486640282.jpg,2023-04-30T22:26:13Z,"Tony Finau fired five birdies in a bogey-free final round to triumph
<table><tr><th>Mexico Open final-round leaderboard</th></tr>
<tr><td>-24 T Finau (US); -21 J Rahm (Spa); -19 B Wu (US); -18 A Bh… [+1195 chars]"
"{'id': 'google-news', 'name': 'Google News'}",,金价上涨凸显黄金价值投资黄金仍需谨慎_时政新闻 - 大众网,金价上涨凸显黄金价值投资黄金仍需谨慎_时政新闻  大众网,https://consent.google.com/ml?continue=https://news.google.com/rss/articles/CBMiRmh0dHA6Ly93d3cuZHp3d3cuY29tL3hpbndlbi9ndW9uZWl4aW53ZW4vMjAyMzA1L3QyMDIzMDUwMV8xMTgzMjU0OC5odG3SAQA?oc%3D5&gl=FR&hl=en-US&cm=2&pc=n&src=1,,2023-04-30T22:26:00Z,"We use cookies and data to<ul><li>Deliver and maintain Google services</li><li>Track outages and protect against spam, fraud, and abuse</li><li>Measure audience engagement and site statistics to unde… [+1131 chars]"
"{'id': 'newsweek', 'name': 'Newsweek'}",Thomas Kika,Crimea Oil Depot Blast Was Preparation for Full-Scale Offensive: Ukraine,"A dramatic fire broke out at an oil depot near a key Russian naval base on Saturday, amid plans for a Ukrainian counteroffensive in the coming weeks.",https://www.newsweek.com/crimea-oil-depot-blast-was-preparation-full-scale-offensive-ukraine-1797581,https://d.newsweek.com/en/full/2229013/ukraine-attack-crimea-oil-depot.jpg,2023-04-30T22:25:44Z,"The strike against an oil dept in the Russian-annexed Crimean region was part of preparations being done for the forthcoming spring counteroffensive, the Ukrainian Armed Forces announced on Sunday.
… [+2780 chars]"
"{'id': 'google-news', 'name': 'Google News'}",,"US Army: Helicopters crashed in mountains, fair weather - ABC News","US Army: Helicopters crashed in mountains, fair weather  ABC NewsView Full Coverage on Google News",https://consent.google.com/ml?continue=https://news.google.com/rss/articles/CBMiX2h0dHBzOi8vYWJjbmV3cy5nby5jb20vVVMvd2lyZVN0b3J5L3VzLWFybXktaGVsaWNvcHRlcnMtY3Jhc2hlZC1tb3VudGFpbnMtZmFpci13ZWF0aGVyLTk4OTc0NzM00gFjaHR0cHM6Ly9hYmNuZXdzLmdvLmNvbS9hbXAvVVMvd2lyZVN0b3J5L3VzLWFybXktaGVsaWNvcHRlcnMtY3Jhc2hlZC1tb3VudGFpbnMtZmFpci13ZWF0aGVyLTk4OTc0NzM0?oc%3D5%26hl%3Den-CA%26gl%3DCA%26ceid%3DCA:en&gl=FR&hl=en-CA&cm=2&pc=n&src=1,,2023-04-30T22:25:08Z,"We use cookies and data to<ul><li>Deliver and maintain Google services</li><li>Track outages and protect against spam, fraud, and abuse</li><li>Measure audience engagement and site statistics to unde… [+1131 chars]"
"{'id': 'google-news', 'name': 'Google News'}",,別多繳了！綜所稅報稅今開跑「8大利多」懶人包一次看| 財經 - 三立新聞網 Setn.com,"<ol><li>別多繳了！綜所稅報稅今開跑「8大利多」懶人包一次看| 財經  三立新聞網 Setn.com
</li><li>5月新制一次看 全和錢有關！減稅紅包、路口大執法來了  中時新聞網 Chinatimes.com
</li><li>綜所稅申報今開跑！單身族42.3萬免繳 減稅新制、注意事項一文了解  Yahoo奇摩新聞
</li><li>【懶人包】報稅季開跑！8大利多、手機報稅3.0 在家報稅抽20萬現金  鏡週刊
</li><li>你報稅了嗎？注意「8大利多」省荷包 避免多繳錢│TVBS新聞網…",https://consent.google.com/ml?continue=https://news.google.com/rss/articles/CBMiLWh0dHBzOi8vd3d3LnNldG4uY29tL05ld3MuYXNweD9OZXdzSUQ9MTI4Nzk5OdIBAA?oc%3D5&gl=FR&hl=en-US&cm=2&pc=n&src=1,,2023-04-30T22:25:00Z,"We use cookies and data to<ul><li>Deliver and maintain Google services</li><li>Track outages and protect against spam, fraud, and abuse</li><li>Measure audience engagement and site statistics to unde… [+1131 chars]"
"{'id': 'google-news', 'name': 'Google News'}",,North Korea blasts U.S.-South Korea summit deal for escalating ... - Reuters,North Korea blasts U.S.-South Korea summit deal for escalating ...  Reuters,https://consent.google.com/ml?continue=https://news.google.com/rss/articles/CBMid2h0dHBzOi8vd3d3LnJldXRlcnMuY29tL3dvcmxkL2FzaWEtcGFjaWZpYy9ub3J0aC1rb3JlYS1ibGFzdHMtdXMtc291dGgta29yZWEtc3VtbWl0LWRlYWwtZXNjYWxhdGluZy10ZW5zaW9uLTIwMjMtMDQtMzAv0gEA?oc%3D5&gl=FR&hl=en-US&cm=2&pc=n&src=1,,2023-04-30T22:25:00Z,"We use cookies and data to<ul><li>Deliver and maintain Google services</li><li>Track outages and protect against spam, fraud, and abuse</li><li>Measure audience engagement and site statistics to unde… [+1131 chars]"
"{'id': 'google-news', 'name': 'Google News'}",,別多繳了！綜所稅報稅今開跑 「8大利多」懶人包一次看 - 三立新聞網 Setn.com,"<ol><li>別多繳了！綜所稅報稅今開跑 「8大利多」懶人包一次看  三立新聞網 Setn.com
</li><li>5月新制一次看 全和錢有關！減稅紅包、路口大執法來了  中時新聞網 Chinatimes.com
</li><li>2023報稅季》省荷包大作戰！綜合所得稅「3種扣除額」一次看，合法節稅技巧解析  風傳媒
</li><li>5/1報稅了！ 8大利多、手機報稅3、0「超商繳超快」  Yahoo奇摩新聞
</li><li>你報稅了嗎？注意「8大利多」省荷包 避免多繳錢│TVBS新聞網  TV…",https://consent.google.com/ml?continue=https://news.google.com/rss/articles/CBMiLWh0dHBzOi8vd3d3LnNldG4uY29tL05ld3MuYXNweD9OZXdzSUQ9MTI4Nzk5OdIBMmh0dHBzOi8vd3d3LnNldG4uY29tL20vYW1wbmV3cy5hc3B4P05ld3NJRD0xMjg3OTk5?oc%3D5&gl=FR&hl=en-US&cm=2&pc=n&src=1,,2023-04-30T22:25:00Z,"We use cookies and data to<ul><li>Deliver and maintain Google services</li><li>Track outages and protect against spam, fraud, and abuse</li><li>Measure audience engagement and site statistics to unde… [+1131 chars]"
"{'id': 'google-news', 'name': 'Google News'}",,4月份PMI指数有所回落，专家表示短期波动不改经济回升大势_新闻频道 - 中青网,"<ol><li>4月份PMI指数有所回落，专家表示短期波动不改经济回升大势_新闻频道  中青网
</li><li>出人意料：中国经济指数四月出现滑坡| DW | 30.04.2023  DW
</li><li>中国4月工业生产微缩  RFI - 法国国际广播电台
</li><li>中国4月官方制造业PMI 49.2 较上月下降2.7个百分点非制造业PMI为56.4  华尔街见闻
</li><li>全文|2023年4月中国采购经理指数运行情况  新浪
</li><li>在Google 新闻上查看完整报道<…",https://consent.google.com/ml?continue=https://news.google.com/rss/articles/CBMiNWh0dHA6Ly9uZXdzLnlvdXRoLmNuL2duLzIwMjMwNS90MjAyMzA1MDFfMTQ0OTEyMDMuaHRt0gEA?oc%3D5&gl=FR&hl=en-US&cm=2&pc=n&src=1,,2023-04-30T22:24:00Z,"We use cookies and data to<ul><li>Deliver and maintain Google services</li><li>Track outages and protect against spam, fraud, and abuse</li><li>Measure audience engagement and site statistics to unde… [+1131 chars]"
"{'id': 'business-insider', 'name': 'Business Insider'}",ktangalakislippert@insider.com (Katherine Tangalakis-Lippert),"AOC rules out 2024 Senate run: 'She is not planning to primary Gillibrand,' spokesperson says",Representative Ocasio-Cortez is regarded as one of the strongest possible challengers to Senator Kirsten Gillibrand.,https://www.businessinsider.com/aoc-rules-out-2024-senate-run-not-planning-primary-gillibrand-2023-4,https://i.insider.com/644ee77d74e9330018efb0a4?width=1200&format=jpeg,2023-04-30T22:22:50Z,"Representative Alexandria Ocasio-Cortez has closed the door to a 2024 Senate run, according to her spokesperson.
""She is not planning to run for Senate in 2024. She is not planning to primary Gillib… [+680 chars]"
"{'id': 'cbs-news', 'name': 'CBS News'}",Kasey Richardson,Former Broncos linebacker Shaquil Barrett's 2-year-old daughter drowns in family pool,"Tampa Buccaneers and former Broncos linebacker Shaquil Barrett's 2-year-old daughter, Arrayah, drowned in a swimming pool at his home in Tampa on Sunday, according to multiple reports.",https://www.cbsnews.com/colorado/news/denver-former-broncos-shaquil-barretts-2-year-old-daughter-drowns-pool/,https://assets3.cbsnewsstatic.com/hub/i/r/2023/04/30/9a54ee1b-030d-45bf-8354-a37ea7af6de7/thumbnail/1200x630/9d497b56a3e4b482829185d75b728919/gettyimages-1432420809-copy.jpg,2023-04-30T22:22:00Z,"Tampa Buccaneers and former Broncos linebacker Shaquil Barrett's 2-year-old daughter, Arrayah, drowned in a swimming pool at his home in Tampa on Sunday, according to multiple reports. 
Officers arr… [+1399 chars]"
"{'id': 'google-news', 'name': 'Google News'}",,Sen. Tim Scott teases 'major announcement' on May 22 as he explores White House bid - CNN,"<ol><li>Sen. Tim Scott teases 'major announcement' on May 22 as he explores White House bid  CNN
</li><li>GOP Sen. Tim Scott to make major 2024 presidential campaign announcement on May 22  Fox News
</li><li>Tim Scott sets May 22 announcement for 2024 presi…",https://consent.google.com/ml?continue=https://news.google.com/rss/articles/CBMiQWh0dHBzOi8vd3d3LmNubi5jb20vMjAyMy8wNC8zMC9wb2xpdGljcy90aW0tc2NvdHQtMjAyNC9pbmRleC5odG1s0gFFaHR0cHM6Ly9hbXAuY25uLmNvbS9jbm4vMjAyMy8wNC8zMC9wb2xpdGljcy90aW0tc2NvdHQtMjAyNC9pbmRleC5odG1s?oc%3D5&gl=FR&hl=en-US&cm=2&pc=n&src=1,,2023-04-30T22:22:00Z,"We use cookies and data to<ul><li>Deliver and maintain Google services</li><li>Track outages and protect against spam, fraud, and abuse</li><li>Measure audience engagement and site statistics to unde… [+1131 chars]"
"{'id': 'google-news', 'name': 'Google News'}",,2 wildfires continue to burn in Parkland County - CTV News Edmonton,"<ol><li>2 wildfires continue to burn in Parkland County  CTV News Edmonton
</li><li>Wildfires prompt mandatory evacuations of Entwistle, Evansburg near Edmonton  Global News
</li><li>More Albertans told to evacuate as fires threaten hamlets and rural reside…",https://consent.google.com/ml?continue=https://news.google.com/rss/articles/CBMidWh0dHBzOi8vZWRtb250b24uY3R2bmV3cy5jYS8yLXdpbGRmaXJlcy1idXJuLXdlc3Qtb2YtZWRtb250b24tZXZhY3VhdGlvbi1vcmRlci1leHBlY3RlZC10by1sYXN0LWludG8tbW9uZGF5LTEuNjM3Nzc1MNIBAA?oc%3D5&gl=FR&hl=en-US&cm=2&pc=n&src=1,,2023-04-30T22:22:00Z,"We use cookies and data to<ul><li>Deliver and maintain Google services</li><li>Track outages and protect against spam, fraud, and abuse</li><li>Measure audience engagement and site statistics to unde… [+1131 chars]"
"{'id': 'google-news', 'name': 'Google News'}",,AOC rules out 2024 Senate run: 'not planning to primary Gillibrand' - Business Insider,AOC rules out 2024 Senate run: 'not planning to primary Gillibrand'  Business Insider,https://consent.google.com/ml?continue=https://news.google.com/rss/articles/CBMiZGh0dHBzOi8vd3d3LmJ1c2luZXNzaW5zaWRlci5jb20vYW9jLXJ1bGVzLW91dC0yMDI0LXNlbmF0ZS1ydW4tbm90LXBsYW5uaW5nLXByaW1hcnktZ2lsbGlicmFuZC0yMDIzLTTSAWhodHRwczovL3d3dy5idXNpbmVzc2luc2lkZXIuY29tL2FvYy1ydWxlcy1vdXQtMjAyNC1zZW5hdGUtcnVuLW5vdC1wbGFubmluZy1wcmltYXJ5LWdpbGxpYnJhbmQtMjAyMy00P2FtcA?oc%3D5&gl=FR&hl=en-US&cm=2&pc=n&src=1,,2023-04-30T22:22:00Z,"We use cookies and data to<ul><li>Deliver and maintain Google services</li><li>Track outages and protect against spam, fraud, and abuse</li><li>Measure audience engagement and site statistics to unde… [+1131 chars]"
"{'id': 'google-news', 'name': 'Google News'}",,"Cases rising again in India, but is Covid still a pandemic? - Times of India","Cases rising again in India, but is Covid still a pandemic?  Times of IndiaView Full coverage on Google News",https://consent.google.com/ml?continue=https://news.google.com/rss/articles/CBMihAFodHRwczovL3RpbWVzb2ZpbmRpYS5pbmRpYXRpbWVzLmNvbS90aW1lcy1zcGVjaWFsL2Nhc2VzLXJpc2luZy1hZ2Fpbi1pbi1pbmRpYS1idXQtaXMtY292aWQtc3RpbGwtYS1wYW5kZW1pYy9hcnRpY2xlc2hvdy85OTg5NTUzNS5jbXPSAX9odHRwczovL20udGltZXNvZmluZGlhLmNvbS90aW1lcy1zcGVjaWFsL2Nhc2VzLXJpc2luZy1hZ2Fpbi1pbi1pbmRpYS1idXQtaXMtY292aWQtc3RpbGwtYS1wYW5kZW1pYy9hbXBfYXJ0aWNsZXNob3cvOTk4OTU1MzUuY21z?oc%3D5&gl=FR&hl=en-US&cm=2&pc=n&src=1,,2023-04-30T22:20:00Z,"We use cookies and data to<ul><li>Deliver and maintain Google services</li><li>Track outages and protect against spam, fraud, and abuse</li><li>Measure audience engagement and site statistics to unde… [+1131 chars]"
"{'id': 'google-news', 'name': 'Google News'}",,Labour market 'churn' ahead with a quarter of jobs changing by ... - Reuters,Labour market 'churn' ahead with a quarter of jobs changing by ...  Reuters,https://consent.google.com/ml?continue=https://news.google.com/rss/articles/CBMidGh0dHBzOi8vd3d3LnJldXRlcnMuY29tL3dvcmxkL2V1cm9wZS9sYWJvdXItbWFya2V0LWNodXJuLWFoZWFkLXdpdGgtcXVhcnRlci1qb2JzLWNoYW5naW5nLWJ5LTIwMjctc3VydmV5LTIwMjMtMDQtMzAv0gEA?oc%3D5&gl=FR&hl=en-US&cm=2&pc=n&src=1,,2023-04-30T22:20:00Z,"We use cookies and data to<ul><li>Deliver and maintain Google services</li><li>Track outages and protect against spam, fraud, and abuse</li><li>Measure audience engagement and site statistics to unde… [+1131 chars]"
"{'id': 'fox-sports', 'name': 'Fox Sports'}",,Buccaneers LB Shaq Barrett's 2-year-old daughter drowns in home accident,Tampa Bay Buccaneers linebacker Shaquil Barrett's two-year-old daughter — the youngest of his four children — drowned Sunday.,https://www.foxsports.com/stories/nfl/buccaneers-lb-shaq-barretts-2-year-old-daughter-drowns-in-home-accident,https://a57.foxsports.com/statics.foxsports.com/www.foxsports.com/content/uploads/2023/04/1408/814/shaq.barrett.2.jpg?ve=1&tl=1,2023-04-30T22:19:35Z,"Tampa Bay Buccaneers linebacker Shaquil Barrett's two-year-old daughter the youngest of his four children has drowned in a swimming pool at his home in Tampa, Florida.
""Today's tragic news is heartb… [+1299 chars]"
"{'id': 'google-news', 'name': 'Google News'}",,Ukraine says it controls key route into Bakhmut - Reuters,Ukraine says it controls key route into Bakhmut  ReutersView Full Coverage on Google News,https://consent.google.com/ml?continue=https://news.google.com/rss/articles/CCAiC1k1WlR6SUhob2VVmAEB?oc%3D5&gl=FR&hl=en-US&cm=2&pc=n&src=1,,2023-04-30T22:18:59Z,"We use cookies and data to<ul><li>Deliver and maintain Google services</li><li>Track outages and protect against spam, fraud, and abuse</li><li>Measure audience engagement and site statistics to unde… [+1131 chars]"
"{'id': 'google-news', 'name': 'Google News'}",,Tornado reported in Virginia Beach; city confirms damage - WAVY.com,"<ol><li>Tornado reported in Virginia Beach; city confirms damage  WAVY.com
</li><li>Strong storms rock Virginia Beach, tornado reported in Great Neck  13newsnow.com WVEC
</li><li>Viewer Video: Virginia Beach possible tornado – WAVY.com  WAVY.com
</li><li>D…",https://consent.google.com/ml?continue=https://news.google.com/rss/articles/CBMiRGh0dHBzOi8vd3d3LndhdnkuY29tL3dlYXRoZXIvdG9ybmFkby1kYW1hZ2UtcmVwb3J0ZWQtdmlyZ2luaWEtYmVhY2gv0gFIaHR0cHM6Ly93d3cud2F2eS5jb20vd2VhdGhlci90b3JuYWRvLWRhbWFnZS1yZXBvcnRlZC12aXJnaW5pYS1iZWFjaC9hbXAv?oc%3D5&gl=FR&hl=en-US&cm=2&pc=n&src=1,,2023-04-30T22:18:01Z,"We use cookies and data to<ul><li>Deliver and maintain Google services</li><li>Track outages and protect against spam, fraud, and abuse</li><li>Measure audience engagement and site statistics to unde… [+1131 chars]"
"{'id': 'cbs-news', 'name': 'CBS News'}",April 30,Kings special season comes to an end in 120-100 Game 7 loss to Warriors,The Sacramento Kings' magical season has come to an end in a 120-100 Game 7 loss to the Golden State Warriors at the Golden 1 Center on Sunday.,https://www.cbsnews.com/sacramento/news/kings-special-season-comes-to-an-end-in-120-100-game-7-loss-to-warriors/,https://assets2.cbsnewsstatic.com/hub/i/r/2023/04/30/f87716fa-b99f-4938-82e0-30fe91bcd57d/thumbnail/1200x630/abc671064c99918808f8e7182e6f95b2/gettyimages-1486632519.jpg,2023-04-30T22:17:39Z,"SACRAMENTO — The Sacramento Kings' magical season has come to an end in a 120-100 Game 7 loss to the Golden State Warriors at the Golden 1 Center on Sunday.
Stephen Curry scored a playoff career-hig… [+4761 chars]"
"{'id': 'abc-news', 'name': 'ABC News'}",Associated Press,"US Army: Helicopters crashed in mountains, fair weather","Authorities say two U.S. Army helicopters that crashed last week in Alaska, killing three soldiers, collided over a rugged, mountainous area",https://abcnews.go.com/US/wireStory/us-army-helicopters-crashed-mountains-fair-weather-98974734,https://s.abcnews.com/images/US/wirestory_0381b5b466d6846f501822302088ad8c_16x9_992.jpg,2023-04-30T22:17:32Z,"FAIRBANKS, Alaska -- Two U.S. Army helicopters that crashed last week in Alaska, killing three soldiers, collided over a rugged, mountainous area, and there were no weather issues or visibility probl… [+1169 chars]"
"{'id': 'google-news', 'name': 'Google News'}",,NBA playoffs: Stephen Curry leads Warriors to Western Conference Semifinals with historic performance over Kings - Yahoo Sports,"<ol><li>NBA playoffs: Stephen Curry leads Warriors to Western Conference Semifinals with historic performance over Kings  Yahoo Sports
</li><li>Steph Curry: The king of the circus shot | NBA on ESPN  ESPN
</li><li>Warriors vs. Kings score, highlights: Steph…",https://consent.google.com/ml?continue=https://news.google.com/rss/articles/CBMilwFodHRwczovL3Nwb3J0cy55YWhvby5jb20vbmJhLXBsYXlvZmZzLXN0ZXBoZW4tY3VycnktbGVhZHMtd2FycmlvcnMtdG8td2VzdGVybi1jb25mZXJlbmNlLXNlbWlmaW5hbHMtd2l0aC1oaXN0b3JpYy1wZXJmb3JtYW5jZS1vdmVyLWtpbmdzLTIyMTcyNjQ4Ni5odG1s0gGfAWh0dHBzOi8vc3BvcnRzLnlhaG9vLmNvbS9hbXBodG1sL25iYS1wbGF5b2Zmcy1zdGVwaGVuLWN1cnJ5LWxlYWRzLXdhcnJpb3JzLXRvLXdlc3Rlcm4tY29uZmVyZW5jZS1zZW1pZmluYWxzLXdpdGgtaGlzdG9yaWMtcGVyZm9ybWFuY2Utb3Zlci1raW5ncy0yMjE3MjY0ODYuaHRtbA?oc%3D5&gl=FR&hl=en-US&cm=2&pc=n&src=1,,2023-04-30T22:17:26Z,"We use cookies and data to<ul><li>Deliver and maintain Google services</li><li>Track outages and protect against spam, fraud, and abuse</li><li>Measure audience engagement and site statistics to unde… [+1131 chars]"
"{'id': 'google-news', 'name': 'Google News'}",,苏丹武装部队宣布同意继续停火72小时_要闻_新闻中心 - 长江网,"<ol><li>苏丹武装部队宣布同意继续停火72小时_要闻_新闻中心  长江网
</li><li>◤苏丹政变◢ 政府军与反叛组织 停火期间持续交战|中國報  中国报
</li><li>苏丹停火中仍激战击中土耳其军用运输机| 国际  Oriental Daily News 马来西亚东方日报
</li><li>苏丹军队与快速支援部队已同意延长停火，但战斗仍在继续  半岛电视台
</li><li>苏丹交战方同意延长停火 死亡升至512人   Lianhe Zaobao
</li><li>在Google 新闻上…",https://consent.google.com/ml?continue=https://news.google.com/rss/articles/CBMiLWh0dHA6Ly9uZXdzLmNqbi5jbi9ic3kveXcvMjAyMzA1L3Q0NTQzNDExLmh0bdIBAA?oc%3D5%26hl%3Den-CA%26gl%3DCA%26ceid%3DCA:en&gl=FR&hl=en-CA&cm=2&pc=n&src=1,,2023-04-30T22:17:00Z,"We use cookies and data to<ul><li>Deliver and maintain Google services</li><li>Track outages and protect against spam, fraud, and abuse</li><li>Measure audience engagement and site statistics to unde… [+1131 chars]"
"{'id': 'google-news', 'name': 'Google News'}",,厄瓜多尔瓜亚基尔城区发生枪击事件已致10死2伤| 每经网 - 每日经济新闻,厄瓜多尔瓜亚基尔城区发生枪击事件已致10死2伤| 每经网  每日经济新闻,https://consent.google.com/ml?continue=https://news.google.com/rss/articles/CBMiN2h0dHBzOi8vd3d3Lm5iZC5jb20uY24vYXJ0aWNsZXMvMjAyMy0wNS0wMS8yODAyMDAxLmh0bWzSAQA?oc%3D5&gl=FR&hl=en-US&cm=2&pc=n&src=1,,2023-04-30T22:17:00Z,"We use cookies and data to<ul><li>Deliver and maintain Google services</li><li>Track outages and protect against spam, fraud, and abuse</li><li>Measure audience engagement and site statistics to unde… [+1131 chars]"
"{'id': 'google-news', 'name': 'Google News'}",,"Steph Curry, Warriors beat Kings in Game 7, advance in NBA playoffs - NBC Sports","<ol><li>Steph Curry, Warriors beat Kings in Game 7, advance in NBA playoffs  NBC Sports
</li><li>Stars pay tribute to Stephen Curry after 50-point game - ESPN  ESPN
</li><li>50 POINTS FOR STEPHEN CURRY! Amazing Performance! | #Shorts  NBA
</li><li>NBA Fans…",https://consent.google.com/ml?continue=https://news.google.com/rss/articles/CBMiZmh0dHBzOi8vd3d3Lm5iY3Nwb3J0cy5jb20vYmF5YXJlYS93YXJyaW9ycy9zdGVwaC1jdXJyeS13YXJyaW9ycy1iZWF0LWtpbmdzLWdhbWUtNy1hZHZhbmNlLW5iYS1wbGF5b2Zmc9IBamh0dHBzOi8vd3d3Lm5iY3Nwb3J0cy5jb20vYmF5YXJlYS93YXJyaW9ycy9zdGVwaC1jdXJyeS13YXJyaW9ycy1iZWF0LWtpbmdzLWdhbWUtNy1hZHZhbmNlLW5iYS1wbGF5b2Zmcz9hbXA?oc%3D5&gl=FR&hl=en-US&cm=2&pc=n&src=1,,2023-04-30T22:16:27Z,"We use cookies and data to<ul><li>Deliver and maintain Google services</li><li>Track outages and protect against spam, fraud, and abuse</li><li>Measure audience engagement and site statistics to unde… [+1131 chars]"
"{'id': 'google-news', 'name': 'Google News'}",,More Albertans told to evacuate as fires threaten hamlets and rural residents - Canada News - Castanet.net,"<ol><li>More Albertans told to evacuate as fires threaten hamlets and rural residents - Canada News  Castanet.net
</li><li>Wildfires prompt mandatory evacuations of Entwistle, Evansburg west of Edmonton  Global News
</li><li>Parkland County evacuation order…",https://consent.google.com/ml?continue=https://news.google.com/rss/articles/CBMieWh0dHBzOi8vd3d3LmNhc3RhbmV0Lm5ldC9uZXdzL0NhbmFkYS80MjQyOTgvTW9yZS1BbGJlcnRhbnMtdG9sZC10by1ldmFjdWF0ZS1hcy1maXJlcy10aHJlYXRlbi1oYW1sZXRzLWFuZC1ydXJhbC1yZXNpZGVudHPSAQA?oc%3D5&gl=FR&hl=en-US&cm=2&pc=n&src=1,,2023-04-30T22:16:00Z,"We use cookies and data to<ul><li>Deliver and maintain Google services</li><li>Track outages and protect against spam, fraud, and abuse</li><li>Measure audience engagement and site statistics to unde… [+1131 chars]"
"{'id': 'google-news', 'name': 'Google News'}",,"""Was sich im Sudan abspielt, ist beispiellos"" - ZDFheute","<ol><li>""Was sich im Sudan abspielt, ist beispiellos""  ZDFheute
</li><li>Brüchige Waffenruhe verlängert: UN klagt über geplünderte Hilfsgüter im Sudan  n-tv NACHRICHTEN
</li><li>Sudan: Weitere Feuerpause vereinbart  Süddeutsche Zeitung - SZ.de
</li><li>Kon…",https://consent.google.com/ml?continue=https://news.google.com/rss/articles/CBMiVWh0dHBzOi8vd3d3LnpkZi5kZS9uYWNocmljaHRlbi9wb2xpdGlrL3N1ZGFuLXZlcnNvcmd1bmctaHVtYW5pdGFlcmUta3Jpc2UtdW4tMTAwLmh0bWzSAVVodHRwczovL2FtcC56ZGYuZGUvbmFjaHJpY2h0ZW4vcG9saXRpay9zdWRhbi12ZXJzb3JndW5nLWh1bWFuaXRhZXJlLWtyaXNlLXVuLTEwMC5odG1s?oc%3D5&gl=FR&hl=en-US&cm=2&pc=n&src=1,,2023-04-30T22:15:52Z,"We use cookies and data to<ul><li>Deliver and maintain Google services</li><li>Track outages and protect against spam, fraud, and abuse</li><li>Measure audience engagement and site statistics to unde… [+1131 chars]"
"{'id': 'google-news', 'name': 'Google News'}",,Modi's convoy causes traffic chaos in Bengaluru - Deccan Herald,"<ol><li>Modi's convoy causes traffic chaos in Bengaluru  Deccan Herald
</li><li>Mobile phone hurled towards PM Modi during Mysuru roadshow, police say ‘no ill…’  Hindustan Times
</li><li>Security breach during PM Modi's Karnataka roadshow, mobile phone thro…",https://consent.google.com/ml?continue=https://news.google.com/rss/articles/CBMic2h0dHBzOi8vd3d3LmRlY2NhbmhlcmFsZC5jb20vY2l0eS90b3AtYmVuZ2FsdXJ1LXN0b3JpZXMvbW9kaXMtY29udm95LWNhdXNlcy10cmFmZmljLWNoYW9zLWluLWJlbmdhbHVydS0xMjE0NTUxLmh0bWzSAQA?oc%3D5&gl=FR&hl=en-US&cm=2&pc=n&src=1,,2023-04-30T22:15:34Z,"We use cookies and data to<ul><li>Deliver and maintain Google services</li><li>Track outages and protect against spam, fraud, and abuse</li><li>Measure audience engagement and site statistics to unde… [+1131 chars]"
"{'id': 'google-news', 'name': 'Google News'}",,"If JPMorgan Wins First Republic, OCC Standing By for Key Nod - Bloomberg","If JPMorgan Wins First Republic, OCC Standing By for Key Nod  Bloomberg",https://consent.google.com/ml?continue=https://news.google.com/rss/articles/CBMicWh0dHBzOi8vd3d3LmJsb29tYmVyZy5jb20vbmV3cy9hcnRpY2xlcy8yMDIzLTA0LTMwL2lmLWpwbW9yZ2FuLXdpbnMtZmlyc3QtcmVwdWJsaWMtb2NjLWlzLXN0YW5kaW5nLWJ5LWZvci1rZXktbm9k0gEA?oc%3D5&gl=FR&hl=en-US&cm=2&pc=n&src=1,,2023-04-30T22:15:34Z,"We use cookies and data to<ul><li>Deliver and maintain Google services</li><li>Track outages and protect against spam, fraud, and abuse</li><li>Measure audience engagement and site statistics to unde… [+1131 chars]"
"{'id': 'google-news', 'name': 'Google News'}",,"Buccaneers star Shaquil Barrett's 2-year-old daughter drowns in family pool, per report - CBS Sports","<ol><li>Buccaneers star Shaquil Barrett's 2-year-old daughter drowns in family pool, per report  CBS Sports
</li><li>LB Shaquil Barrett's 2-year-old daughter drowns in pool - ESPN  ESPN
</li><li>Shaquil Barrett’s 2-year-old daughter drowns in family swimmin…",https://consent.google.com/ml?continue=https://news.google.com/rss/articles/CBMieWh0dHBzOi8vd3d3LmNic3Nwb3J0cy5jb20vbmZsL25ld3MvYnVjY2FuZWVycy1zdGFyLXNoYXF1aWwtYmFycmV0dHMtMi15ZWFyLW9sZC1kYXVnaHRlci1kcm93bnMtaW4tZmFtaWx5LXBvb2wtcGVyLXJlcG9ydC_SAX1odHRwczovL3d3dy5jYnNzcG9ydHMuY29tL25mbC9uZXdzL2J1Y2NhbmVlcnMtc3Rhci1zaGFxdWlsLWJhcnJldHRzLTIteWVhci1vbGQtZGF1Z2h0ZXItZHJvd25zLWluLWZhbWlseS1wb29sLXBlci1yZXBvcnQvYW1wLw?oc%3D5&gl=FR&hl=en-US&cm=2&pc=n&src=1,,2023-04-30T22:14:46Z,"We use cookies and data to<ul><li>Deliver and maintain Google services</li><li>Track outages and protect against spam, fraud, and abuse</li><li>Measure audience engagement and site statistics to unde… [+1131 chars]"
"{'id': 'google-news', 'name': 'Google News'}",,NBA季後賽／Curry爆砍50分！勇士搶七120:100戰勝國王 晉級次輪 - NOWnews 今日新聞,"<ol><li>NBA季後賽／Curry爆砍50分！勇士搶七120:100戰勝國王 晉級次輪  NOWnews 今日新聞
</li><li>NBA季後賽》薑還是老的辣！Curry狂轟新高50分 勇士踢館國王搶下晉級門票  Yahoo奇摩運動
</li><li>NBA季後賽》太猛了！柯瑞狂砍新高50分 勇士打爆國王晉級次輪  自由時報
</li><li>NBA季後賽／戰神！Curry砍50分破聯盟搶七紀錄 KD發文致敬：傳奇  NOWnews 今日新聞
</li><li>勇士主場遭國王反咬 兩隊殺「搶七」決…",https://consent.google.com/ml?continue=https://news.google.com/rss/articles/CBMiJGh0dHBzOi8vd3d3Lm5vd25ld3MuY29tL25ld3MvNjEyNjA5MNIBKGh0dHBzOi8vd3d3Lm5vd25ld3MuY29tL2FtcC9uZXdzLzYxMjYwOTA?oc%3D5&gl=FR&hl=en-US&cm=2&pc=n&src=1,,2023-04-30T22:14:32Z,"We use cookies and data to<ul><li>Deliver and maintain Google services</li><li>Track outages and protect against spam, fraud, and abuse</li><li>Measure audience engagement and site statistics to unde… [+1131 chars]"
"{'id': 'usa-today', 'name': 'USA Today'}",Dolphins Wire,"WATCH: Mike McDaniel, Chris Grier inform Elijah Higgins that he’s being drafted by Dolphins",It was an emotional call with the Cardinal.,https://dolphinswire.usatoday.com/2023/04/30/dolphins-elijah-higgins-draft-call/,https://s.yimg.com/ny/api/res/1.2/1OQC0oAuOnpqTIXAuO.QEw--/YXBwaWQ9aGlnaGxhbmRlcjt3PTEyMDA7aD04MDA-/https://media.zenfs.com/en/miami_dophins_wire_usa_today_sports_articles_974/336c3367793bda4fb9fddbe997da1fa9,2023-04-30T22:14:10Z,"The Miami Dolphins had Elijah Higgins in for a visit in recent weeks, and not too long later, he was being drafted in the sixth round by the team.
Higgins, who played wide receiver for Stanford in c… [+729 chars]"
"{'id': 'google-news', 'name': 'Google News'}",,2023 NFL Draft: Grading the Jaguars’ Day 3 and overall draft - Big Cat Country,"<ol><li>2023 NFL Draft: Grading the Jaguars’ Day 3 and overall draft  Big Cat Country
</li><li>That's a Wrap! | 2023 NFL Draft Recap | Jacksonville Jaguars  Jacksonville Jaguars
</li><li>Jaguars were sent to voicemail twice by 6th round pick Erick Hallett  …",https://consent.google.com/ml?continue=https://news.google.com/rss/articles/CBMia2h0dHBzOi8vd3d3LmJpZ2NhdGNvdW50cnkuY29tLzIwMjMvNC8zMC8yMzcwNDYwNC8yMDIzLW5mbC1kcmFmdC1ncmFkaW5nLXRoZS1qYWd1YXJzLWRheS0zLWFuZC1vdmVyYWxsLWRyYWZ00gF4aHR0cHM6Ly93d3cuYmlnY2F0Y291bnRyeS5jb20vcGxhdGZvcm0vYW1wLzIwMjMvNC8zMC8yMzcwNDYwNC8yMDIzLW5mbC1kcmFmdC1ncmFkaW5nLXRoZS1qYWd1YXJzLWRheS0zLWFuZC1vdmVyYWxsLWRyYWZ0?oc%3D5&gl=FR&hl=en-US&cm=2&pc=n&src=1,,2023-04-30T22:14:08Z,"We use cookies and data to<ul><li>Deliver and maintain Google services</li><li>Track outages and protect against spam, fraud, and abuse</li><li>Measure audience engagement and site statistics to unde… [+1131 chars]"
"{'id': 'fox-news', 'name': 'Fox News'}",Ryan Gaydos,Young daughter of Bucs' Shaq Barrett drowns in family swimming pool,Tampa Bay Buccaneers linebacker Shaq Barrett was dealt with an unimaginable loss on Sunday as police said his daughter died in a drowning.,https://www.foxnews.com/sports/young-daughter-bucs-shaq-barrett-drowns-family-swimming-pool,https://static.foxnews.com/foxnews.com/content/uploads/2023/04/Shaq-Barrett3.jpg,2023-04-30T22:13:46Z,"Tampa Bay Buccaneers star Shaq Barrett and his family suffered an unimaginable loss over the weekend as his 2-year-old daughter drowned in a swimming pool at their Tampa home, police said Sunday.
Ta… [+1293 chars]"
"{'id': 'usa-today', 'name': 'USA Today'}",Sixers Wire,Sixers receiving confidence from James Harden before Game 1 vs. Celtics,The Philadelphia 76ers are receiving confidence from James Harden before Game 1 with the Boston Celtics.,https://sixerswire.usatoday.com/2023/04/30/sixers-receiving-confidence-from-james-harden-before-game-1-vs-celtics/,https://s.yimg.com/ny/api/res/1.2/3bOu21icZgthoJhMddA6_w--/YXBwaWQ9aGlnaGxhbmRlcjt3PTEyMDA7aD04MDA-/https://media.zenfs.com/en/sixers_wire_usa_today_sports_articles_847/02372bd6b2e435adb4ecc463d91543ae,2023-04-30T22:11:07Z,"CAMDEN, N.J.Philadelphia 76ers star James Harden has been through a lot of playoff battles throughout his decorated Hall of Fame career. This upcoming series with the Boston Celtics is just another o… [+2386 chars]"
"{'id': 'usa-today', 'name': 'USA Today'}",Broncos Wire,Broncos open to re-signing safety Kareem Jackson,"""The talks are ongoing,"" #Broncos GM George Paton said of safety Kareem Jackson. ""We’re speaking with Kareem and his agent, so we're open.”",https://broncoswire.usatoday.com/2023/04/30/denver-broncos-open-to-re-signing-safety-kareem-hackson/,https://s.yimg.com/ny/api/res/1.2/0h28y1D9r9cwZT.OnpwQtg--/YXBwaWQ9aGlnaGxhbmRlcjt3PTEyMDA7aD03OTU-/https://media.zenfs.com/en/denver_broncos_wire_usa_today_sports_articles_584/c59d00514a83fb00e8ec88f8adece88d,2023-04-30T22:11:03Z,"Even after selecting two defensive backs in the NFL draft over the weekend, the Denver Broncos are still open to a potential reunion with veteran safety Kareem Jackson.
Were open with Kareem, Bronco… [+1109 chars]"
"{'id': 'google-news', 'name': 'Google News'}",,愈來愈熱像酷暑 吳德榮：梅雨季首波鋒面周日到 - 聯合新聞網,"<ol><li>愈來愈熱像酷暑 吳德榮：梅雨季首波鋒面周日到  聯合新聞網
</li><li>梅雨季首波鋒面週末報到 一圖掌握本週天氣  Yahoo奇摩新聞
</li><li>等到了！梅雨鋒面「正在路上」 專家揭首波影響  中時新聞網 Chinatimes.com
</li><li>今起漸熱高溫達33-36度 週日鋒面快閃影響僅1天  自由時報
</li><li>明仍受東北季風影響但溫度稍升 中南部有30度以上  Yahoo奇摩新聞
</li><li>前往 Google 新聞查看完整報導</li></o…",https://consent.google.com/ml?continue=https://news.google.com/rss/articles/CBMiJ2h0dHBzOi8vdWRuLmNvbS9uZXdzL3N0b3J5LzcyNjYvNzEzMzkzN9IBK2h0dHBzOi8vdWRuLmNvbS9uZXdzL2FtcC9zdG9yeS83MjY2LzcxMzM5Mzc?oc%3D5&gl=FR&hl=en-US&cm=2&pc=n&src=1,,2023-04-30T22:10:18Z,"We use cookies and data to<ul><li>Deliver and maintain Google services</li><li>Track outages and protect against spam, fraud, and abuse</li><li>Measure audience engagement and site statistics to unde… [+1131 chars]"
"{'id': 'cbs-news', 'name': 'CBS News'}",April 30,"Buxton homer, Gray's 6 inning push Twins over Royals 8-4","Byron Buxton hit a three-run homer as part of a seven-run third inning, Sonny Gray kept rolling with six strong innings and the Minnesota Twins beat the Kansas City Royals 8-4 on Sunday.",https://www.cbsnews.com/minnesota/news/buxton-homer-grays-6-inning-push-twins-over-royals-8-4/,https://assets2.cbsnewsstatic.com/hub/i/r/2023/04/30/7f1e15a2-f594-4a1f-b69a-ea3ff5df9120/thumbnail/1200x630/1324ebbea3363f6bde44519e823afebf/ap23120786511124.jpg,2023-04-30T22:09:04Z,"MINNEAPOLIS -- Byron Buxton hit a three-run homer as part of a seven-run third inning, Sonny Gray kept rolling with six strong innings and the Minnesota Twins beat the Kansas City Royals 8-4 on Sunda… [+2054 chars]"
"{'id': 'newsweek', 'name': 'Newsweek'}",Fatma Khaled,Ex-Russian Commander Admits Ukraine 'Successfully' Repelling Putin's Troops,"Former Russian commander Igor Girkin listed a number of Russia's failures in Ukraine such as the ""heavy"" losses near the Ukrainian city of Avdiivka",https://www.newsweek.com/ex-russian-commander-admits-ukraine-successfully-repelling-putins-troops-1797578,https://d.newsweek.com/en/full/2229011/ex-russian-commander-admits-ukraine-successfully-repelling-putins-troops.jpg,2023-04-30T22:07:44Z,"Former Russian commander Igor Girkin admitted on Sunday that Ukrainian troops were able to ""successfully"" fight Russian forces throughout the month of April as the war continues to drag on.
In a Tel… [+3403 chars]"
"{'id': 'google-news', 'name': 'Google News'}",,Paraguay Ruling Party Candidate Pena Leads in Early Vote Count - Bloomberg,Paraguay Ruling Party Candidate Pena Leads in Early Vote Count  Bloomberg,https://consent.google.com/ml?continue=https://news.google.com/rss/articles/CBMicWh0dHBzOi8vd3d3LmJsb29tYmVyZy5jb20vbmV3cy9hcnRpY2xlcy8yMDIzLTA0LTMwL3BhcmFndWF5LXJ1bGluZy1wYXJ0eS1jYW5kaWRhdGUtcGVuYS1sZWFkcy1pbi1lYXJseS12b3RlLWNvdW500gEA?oc%3D5&gl=FR&hl=en-US&cm=2&pc=n&src=1,,2023-04-30T22:06:55Z,"We use cookies and data to<ul><li>Deliver and maintain Google services</li><li>Track outages and protect against spam, fraud, and abuse</li><li>Measure audience engagement and site statistics to unde… [+1131 chars]"
"{'id': 'bbc-news', 'name': 'BBC News'}",,2023/04/30 22:00 GMT,The latest five minute news bulletin from BBC World Service.,https://www.bbc.co.uk/programmes/w172z2qs2fn7m6h,https://ichef.bbci.co.uk/images/ic/1200x675/p060dh18.jpg,2023-04-30T22:06:00Z,The latest five minute news bulletin from BBC World Service.
"{'id': 'google-news', 'name': 'Google News'}",,IRRIDUCIBILI Amazon: le migliori offerte notturne per la Festa dei LAVORATORI - Webnews.it,IRRIDUCIBILI Amazon: le migliori offerte notturne per la Festa dei LAVORATORI  Webnews.itVisualizza la copertura completa su Google News,https://consent.google.com/ml?continue=https://news.google.com/rss/articles/CBMiZGh0dHBzOi8vd3d3LndlYm5ld3MuaXQvaXJyaWR1Y2liaWxpLWFtYXpvbi1sZS1taWdsaW9yaS1vZmZlcnRlLW5vdHR1cm5lLXBlci1sYS1mZXN0YS1kZWktbGF2b3JhdG9yaS_SAQA?oc%3D5&gl=FR&hl=en-US&cm=2&pc=n&src=1,,2023-04-30T22:05:30Z,"We use cookies and data to<ul><li>Deliver and maintain Google services</li><li>Track outages and protect against spam, fraud, and abuse</li><li>Measure audience engagement and site statistics to unde… [+1131 chars]"
"{'id': 'fox-news', 'name': 'Fox News'}",Scott Thompson,Knicks-Heat broadcast shows New York City stock footage with Twin Towers; ESPN apologizes,"ESPN and ABC came under fire after they showed the Twin Towers, which collapsed during the terrorist attacks of Sept. 11, 2001, during the Knicks-Heat broadcast Sunday.",https://www.foxnews.com/sports/knicks-heat-broadcast-shows-new-york-city-stock-footage-twin-towers-espn-apologizes,https://static.foxnews.com/foxnews.com/content/uploads/2023/04/Twin-Towers.jpg,2023-04-30T22:04:28Z,"During its New York Knicks-Miami Heat Game 1 coverage on Sunday afternoon, ABC appeared to show stock footage of New York City that showed the Twin Towers of the World Trade Center in the background … [+1217 chars]"
"{'id': 'bbc-news', 'name': 'BBC News'}",,Bulgari store in Paris robbed in broad daylight,Video shows suspects making a getaway on motorbikes from the city's flagship Bulgari store.,https://www.bbc.co.uk/news/av/world-europe-65445245,https://ichef.bbci.co.uk/news/1024/branded_news/FC99/production/_129556646_p0fkqjxs.jpg,2023-04-30T22:04:26Z,"Police are investigating after a high-end jewellery store in Paris was robbed in broad daylight on Saturday afternoon.
The Bulgari store at Place Vendôme has been targeted by armed robbers before - … [+165 chars]"
"{'id': 'google-news', 'name': 'Google News'}",,"Kiev annuncia: ""Siamo pronti per la controffensiva"" | Raid russi nella notte danneggiano rete elettrica del Paese - TGCOM","<ol><li>Kiev annuncia: ""Siamo pronti per la controffensiva"" | Raid russi nella notte danneggiano rete elettrica del Paese  TGCOM
</li><li>Attacco aereo nella notte su Kiev: ""Distrutti 15 dei 18 missili lanciati""  Today.it
</li><li>Ucraina, Kiev: ""Missili Ru…",https://consent.google.com/ml?continue=https://news.google.com/rss/articles/CBMiZWh0dHBzOi8vd3d3LnRnY29tMjQubWVkaWFzZXQuaXQvbW9uZG8vdWNyYWluYS1ndWVycmEtcnVzc2lhLWdpb3Juby00MzItZGlyZXR0YV82NDE3Nzc3OC0yMDIzMDJrLnNodG1s0gE4aHR0cHM6Ly9hbXAudGdjb20yNC5tZWRpYXNldC5pdC90Z2NvbTI0L2FydGljbGUvNjQxNzc3Nzg?oc%3D5&gl=FR&hl=en-US&cm=2&pc=n&src=1,,2023-04-30T22:04:00Z,"We use cookies and data to<ul><li>Deliver and maintain Google services</li><li>Track outages and protect against spam, fraud, and abuse</li><li>Measure audience engagement and site statistics to unde… [+1131 chars]"
"{'id': 'google-news', 'name': 'Google News'}",,OROSCOPO DALL'1 AL 7 MAGGIO 2023 - Simon & the Stars,"<ol><li>OROSCOPO DALL'1 AL 7 MAGGIO 2023  Simon & the Stars
</li><li>Oroscopo della settimana dal 1 al 7 maggio 2023 - BlogSicilia - Ultime notizie dalla Sicilia  BlogSicilia.it
</li><li>Vergine, le sfide sono molte ma voi avete grinta. L'oroscopo di domani…",https://consent.google.com/ml?continue=https://news.google.com/rss/articles/CBMiSGh0dHBzOi8vd3d3LnNpbW9uYW5kdGhlc3RhcnMuaXQvb3Jvc2NvcG8vb3Jvc2NvcG8tYWwtMS1hbC03LW1hZ2dpby0yMDIzL9IBAA?oc%3D5&gl=FR&hl=en-US&cm=2&pc=n&src=1,,2023-04-30T22:03:44Z,"We use cookies and data to<ul><li>Deliver and maintain Google services</li><li>Track outages and protect against spam, fraud, and abuse</li><li>Measure audience engagement and site statistics to unde… [+1131 chars]"
"{'id': 'cnn', 'name': 'CNN'}",Alli Rosenbloom,Orlando Bloom auditioned for 'Moulin Rouge' 6 times before breakout 'Lord of the Rings' role,"Imagine if Orlando Bloom was seen on the big screen serenading Nicole Kidman in ""Moulin Rouge!"" in 2001 instead of Ewan McGregor.",https://www.cnn.com/2023/04/30/entertainment/orlando-bloom-moulin-rouge-audition/index.html,"https://media.cnn.com/api/v1/images/stellar/prod/230430152653-orlando-bloom-legolas-restricted.jpg?c=16x9&q=w_800,c_fill",2023-04-30T22:02:19Z,"Imagine if Orlando Bloom was seen on the big screen serenading Nicole Kidman in Moulin Rouge! in 2001 instead of Ewan McGregor. 
It was a real possibility according to Bloom, who told Howard Stern i… [+1762 chars]"
"{'id': 'cnn', 'name': 'CNN'}",Julia Horowitz,"14 million jobs worldwide will vanish in the next 5 years, new economic report finds",Huge disruptions will rock the global job market over the next five years as the economy weakens and companies boost adoption of technologies such as artificial intelligence.,https://www.cnn.com/2023/04/30/business/automation-jobs-world-economic-forum/index.html,"https://media.cnn.com/api/v1/images/stellar/prod/230428105227-closed-counter-stock.jpg?c=16x9&q=w_800,c_fill",2023-04-30T22:01:53Z,"Huge disruptions will rock the global job market over the next five years as the economy weakens and companies boost adoption of technologies such as artificial intelligence.
That finding comes from… [+1994 chars]"
"{'id': 'google-news', 'name': 'Google News'}",,把握今好天氣！梅雨季「第一道鋒面」要來了 吳德榮曝影響 - 三立新聞網 Setn.com,"<ol><li>把握今好天氣！梅雨季「第一道鋒面」要來了 吳德榮曝影響  三立新聞網 Setn.com
</li><li>梅雨季首波鋒面週末報到 一圖掌握本週天氣  Yahoo奇摩新聞
</li><li>等到了！梅雨鋒面「正在路上」 專家揭首波影響  中時新聞網 Chinatimes.com
</li><li>今起漸熱高溫達33-36度 週日鋒面快閃影響僅1天  自由時報
</li><li>明仍受東北季風影響但溫度稍升 中南部有30度以上  Yahoo奇摩新聞
</li><li>前往 Google 新聞…",https://consent.google.com/ml?continue=https://news.google.com/rss/articles/CBMiLWh0dHBzOi8vd3d3LnNldG4uY29tL05ld3MuYXNweD9OZXdzSUQ9MTI4Nzk5NtIBMmh0dHBzOi8vd3d3LnNldG4uY29tL20vYW1wbmV3cy5hc3B4P05ld3NJRD0xMjg3OTk2?oc%3D5&gl=FR&hl=en-US&cm=2&pc=n&src=1,,2023-04-30T22:01:00Z,"We use cookies and data to<ul><li>Deliver and maintain Google services</li><li>Track outages and protect against spam, fraud, and abuse</li><li>Measure audience engagement and site statistics to unde… [+1131 chars]"
"{'id': 'google-news', 'name': 'Google News'}",,"Tech, AI Driving Job Changes for Nearly a Quarter of All Workers - Bloomberg","Tech, AI Driving Job Changes for Nearly a Quarter of All Workers  Bloomberg",https://consent.google.com/ml?continue=https://news.google.com/rss/articles/CBMicmh0dHBzOi8vd3d3LmJsb29tYmVyZy5jb20vbmV3cy9hcnRpY2xlcy8yMDIzLTA0LTMwL3RlY2gtYWktZHJpdmluZy1qb2ItY2hhbmdlcy1mb3ItbmVhcmx5LWEtcXVhcnRlci1vZi1hbGwtd29ya2Vyc9IBAA?oc%3D5%26hl%3Den-CA%26gl%3DCA%26ceid%3DCA:en&gl=FR&hl=en-CA&cm=2&pc=n&src=1,,2023-04-30T22:01:00Z,"We use cookies and data to<ul><li>Deliver and maintain Google services</li><li>Track outages and protect against spam, fraud, and abuse</li><li>Measure audience engagement and site statistics to unde… [+1131 chars]"
"{'id': 'google-news', 'name': 'Google News'}",,"14 million jobs worldwide will vanish in the next 5 years, new economic report finds - CNN","14 million jobs worldwide will vanish in the next 5 years, new economic report finds  CNN",https://consent.google.com/ml?continue=https://news.google.com/rss/articles/CBMiV2h0dHBzOi8vd3d3LmNubi5jb20vMjAyMy8wNC8zMC9idXNpbmVzcy9hdXRvbWF0aW9uLWpvYnMtd29ybGQtZWNvbm9taWMtZm9ydW0vaW5kZXguaHRtbNIBW2h0dHBzOi8vYW1wLmNubi5jb20vY25uLzIwMjMvMDQvMzAvYnVzaW5lc3MvYXV0b21hdGlvbi1qb2JzLXdvcmxkLWVjb25vbWljLWZvcnVtL2luZGV4Lmh0bWw?oc%3D5&gl=FR&hl=en-US&cm=2&pc=n&src=1,,2023-04-30T22:01:00Z,"We use cookies and data to<ul><li>Deliver and maintain Google services</li><li>Track outages and protect against spam, fraud, and abuse</li><li>Measure audience engagement and site statistics to unde… [+1131 chars]"
"{'id': 'google-news', 'name': 'Google News'}",,4月份PMI指数有所回落，专家表示：短期波动不改经济回升大势 - 中国经济网,"<ol><li>4月份PMI指数有所回落，专家表示：短期波动不改经济回升大势  中国经济网
</li><li>出人意料：中国经济指数四月出现滑坡| DW | 30.04.2023  DW
</li><li>中国4月工业生产微缩  RFI - 法国国际广播电台
</li><li>中国4月官方制造业PMI 49.2 较上月下降2.7个百分点非制造业PMI为56.4  华尔街见闻
</li><li>全文|2023年4月中国采购经理指数运行情况  新浪
</li><li>在Google 新闻上查看完整报道</l…",https://consent.google.com/ml?continue=https://news.google.com/rss/articles/CBMiQmh0dHA6Ly93d3cuY2UuY24veHd6eC9nbnN6L2dkeHcvMjAyMzA1LzAxL3QyMDIzMDUwMV8zODUyNzQzMy5zaHRtbNIBAA?oc%3D5&gl=FR&hl=en-US&cm=2&pc=n&src=1,,2023-04-30T22:01:00Z,"We use cookies and data to<ul><li>Deliver and maintain Google services</li><li>Track outages and protect against spam, fraud, and abuse</li><li>Measure audience engagement and site statistics to unde… [+1131 chars]"
"{'id': 'google-news', 'name': 'Google News'}",,"14 million jobs worldwide will vanish in the next 5 years, new economic report finds - CNN","14 million jobs worldwide will vanish in the next 5 years, new economic report finds  CNN",https://consent.google.com/ml?continue=https://news.google.com/rss/articles/CBMiV2h0dHBzOi8vd3d3LmNubi5jb20vMjAyMy8wNC8zMC9idXNpbmVzcy9hdXRvbWF0aW9uLWpvYnMtd29ybGQtZWNvbm9taWMtZm9ydW0vaW5kZXguaHRtbNIBAA?oc%3D5%26hl%3Den-CA%26gl%3DCA%26ceid%3DCA:en&gl=FR&hl=en-CA&cm=2&pc=n&src=1,,2023-04-30T22:01:00Z,"We use cookies and data to<ul><li>Deliver and maintain Google services</li><li>Track outages and protect against spam, fraud, and abuse</li><li>Measure audience engagement and site statistics to unde… [+1131 chars]"
"{'id': 'google-news', 'name': 'Google News'}",,Dallas police: Man dies after being shot in business parking lot - CBS News,Dallas police: Man dies after being shot in business parking lot  CBS News,https://consent.google.com/ml?continue=https://news.google.com/rss/articles/CBMiVGh0dHBzOi8vd3d3LmNic25ld3MuY29tL3RleGFzL25ld3MvZGFsbGFzLXBvbGljZS1tYW4tZGllcy1zaG90LWJ1c2luZXNzLXBhcmtpbmctbG90L9IBWGh0dHBzOi8vd3d3LmNic25ld3MuY29tL2FtcC90ZXhhcy9uZXdzL2RhbGxhcy1wb2xpY2UtbWFuLWRpZXMtc2hvdC1idXNpbmVzcy1wYXJraW5nLWxvdC8?oc%3D5&gl=FR&hl=en-US&cm=2&pc=n&src=1,,2023-04-30T22:00:57Z,"We use cookies and data to<ul><li>Deliver and maintain Google services</li><li>Track outages and protect against spam, fraud, and abuse</li><li>Measure audience engagement and site statistics to unde… [+1131 chars]"
"{'id': 'fox-news', 'name': 'Fox News'}",Hannah Grossman,Pentagon doctor claims prescribing transgender drugs to minors can cause psychotic illness to 'melt away',"Pentagon's health system has overseen children taking anti-psychotic medication and transgender drugs simultaneously, according to a Department of Defense study.",https://www.foxnews.com/media/pentagon-doctor-claims-prescribing-transgender-drugs-military-kids-will-cause-schizophrenia-melt-away,https://static.foxnews.com/foxnews.com/content/uploads/2023/04/Doctor-pentagon.jpg,2023-04-30T22:00:51Z,"FIRST ON FOX Children taking anti-psychotic medication in the military health system for serious mental illness were later administered ""gender-affirming pharmaceuticals,"" according to Department of … [+7547 chars]"
"{'id': 'google-news', 'name': 'Google News'}",,Buccaneers LB Shaquil Barrett’s 2-Year-Old Daughter Dies in Drowning Accident - Sports Illustrated,"<ol><li>Buccaneers LB Shaquil Barrett’s 2-Year-Old Daughter Dies in Drowning Accident  Sports Illustrated
</li><li>LB Shaquil Barrett's 2-year-old daughter drowns in pool - ESPN  ESPN
</li><li>2-year-old daughter of Bucs' linebacker drowns after falling int…",https://consent.google.com/ml?continue=https://news.google.com/rss/articles/CBMiZ2h0dHBzOi8vd3d3LnNpLmNvbS9uZmwvMjAyMy8wNC8zMC9idWNjYW5lZXJzLXNoYXF1aWwtYmFycmV0dC0yLXllYXItb2xkLWRhdWdodGVyLWRpZXMtZHJvd25pbmctYWNjaWRlbnTSAWxodHRwczovL3d3dy5zaS5jb20vLmFtcC9uZmwvMjAyMy8wNC8zMC9idWNjYW5lZXJzLXNoYXF1aWwtYmFycmV0dC0yLXllYXItb2xkLWRhdWdodGVyLWRpZXMtZHJvd25pbmctYWNjaWRlbnQ?oc%3D5&gl=FR&hl=en-US&cm=2&pc=n&src=1,,2023-04-30T22:00:34Z,"We use cookies and data to<ul><li>Deliver and maintain Google services</li><li>Track outages and protect against spam, fraud, and abuse</li><li>Measure audience engagement and site statistics to unde… [+1131 chars]"
"{'id': 'google-news', 'name': 'Google News'}",,NC Gov. Cooper on the efforts to dismantle democracy and voting rights in his state - MSNBC,"<ol><li>NC Gov. Cooper on the efforts to dismantle democracy and voting rights in his state  MSNBC
</li><li>North Carolina Supreme Court hands Republicans big win, giving them potential 2024 edge  Fox News
</li><li>Board of Elections announces Voter ID in 2…",https://consent.google.com/ml?continue=https://news.google.com/rss/articles/CCAiC3A0dThGSGtLekhJmAEB?oc%3D5%26hl%3Den-CA%26gl%3DCA%26ceid%3DCA:en&gl=FR&hl=en-CA&cm=2&pc=n&src=1,,2023-04-30T22:00:33Z,"We use cookies and data to<ul><li>Deliver and maintain Google services</li><li>Track outages and protect against spam, fraud, and abuse</li><li>Measure audience engagement and site statistics to unde… [+1131 chars]"
"{'id': 'usa-today', 'name': 'USA Today'}","Danny Segura, Ken Hathaway","Marcos Rogerio confident he belongs in UFC rankings, wants 'explosive' fight vs. Derrick Lewis",Marcos Rogerio calls out knockout artist Derrick Lewis.,https://mmajunkie.usatoday.com/2023/04/ufc-fight-night-223-video-marcos-rogerio-confident-belongs-in-heavyweight-rankings-derrick-lewis-callout,https://mmajunkie.usatoday.com/wp-content/uploads/sites/91/2023/04/UFC-Fight-Night-223-Marcos-Rogerio-de-Lima-post-fight-interview.jpg?w=1024&h=576&crop=1,2023-04-30T22:00:29Z,"LAS VEGAS Marcos Rogerio wants the smoke from Derrick Lewis.
The veteran UFC heavyweight called out the most successful knockout artist in the division following his most recent win inside the octag… [+1423 chars]"
"{'id': 'google-news', 'name': 'Google News'}",,"Meet Visa, Mayfield, DuploCloud and more at Disrupt - TechCrunch","Meet Visa, Mayfield, DuploCloud and more at Disrupt  TechCrunch",https://consent.google.com/ml?continue=https://news.google.com/rss/articles/CBMiVmh0dHBzOi8vdGVjaGNydW5jaC5jb20vMjAyMy8wNC8zMC9maXJzdC1hbm5vdW5jZW1lbnQtcGFydG5lcnMtdGVjaGNydW5jaC1kaXNydXB0LTIwMjMv0gFaaHR0cHM6Ly90ZWNoY3J1bmNoLmNvbS8yMDIzLzA0LzMwL2ZpcnN0LWFubm91bmNlbWVudC1wYXJ0bmVycy10ZWNoY3J1bmNoLWRpc3J1cHQtMjAyMy9hbXAv?oc%3D5%26hl%3Den-CA%26gl%3DCA%26ceid%3DCA:en&gl=FR&hl=en-CA&cm=2&pc=n&src=1,,2023-04-30T22:00:24Z,"We use cookies and data to<ul><li>Deliver and maintain Google services</li><li>Track outages and protect against spam, fraud, and abuse</li><li>Measure audience engagement and site statistics to unde… [+1131 chars]"
"{'id': 'google-news', 'name': 'Google News'}",,"FC Bayern München – Hertha BSC Highlights | Bundesliga, 30. Spieltag Saison 2022/23 | sportstudio - sportstudio fußball","<ol><li>FC Bayern München – Hertha BSC Highlights | Bundesliga, 30. Spieltag Saison 2022/23 | sportstudio  sportstudio fußball
</li><li>Gnabry bricht den Bann: FC Bayern zurück auf Platz eins  kicker
</li><li>„Die Chance ist noch da“  Hertha BSC
</li><li>H…",https://consent.google.com/ml?continue=https://news.google.com/rss/articles/CCAiC1dlaFo2OG92QzU0mAEB?oc%3D5%26hl%3Den-CA%26gl%3DCA%26ceid%3DCA:en&gl=FR&hl=en-CA&cm=2&pc=n&src=1,,2023-04-30T22:00:11Z,"We use cookies and data to<ul><li>Deliver and maintain Google services</li><li>Track outages and protect against spam, fraud, and abuse</li><li>Measure audience engagement and site statistics to unde… [+1131 chars]"
"{'id': 'google-news', 'name': 'Google News'}",,WGA Tells Writers to Be Ready to Picket if No Deal Is Reached - AOL,WGA Tells Writers to Be Ready to Picket if No Deal Is Reached  AOL,https://consent.google.com/ml?continue=https://news.google.com/rss/articles/CBMiT2h0dHBzOi8vd3d3LmFvbC5jb20vZW50ZXJ0YWlubWVudC93Z2EtdGVsbHMtd3JpdGVycy1yZWFkeS1waWNrZXQtMDEwMDE2NjU3Lmh0bWzSAUlodHRwczovL3d3dy5hb2wuY29tL2FtcGh0bWwvd2dhLXRlbGxzLXdyaXRlcnMtcmVhZHktcGlja2V0LTAxMDAxNjY1Ny5odG1s?oc%3D5&gl=FR&hl=en-US&cm=2&pc=n&src=1,,2023-04-30T22:00:00Z,"We use cookies and data to<ul><li>Deliver and maintain Google services</li><li>Track outages and protect against spam, fraud, and abuse</li><li>Measure audience engagement and site statistics to unde… [+1131 chars]"
"{'id': 'google-news', 'name': 'Google News'}",,How to clear your Android smartphone's cache - MobileSyrup,How to clear your Android smartphone's cache  MobileSyrup,https://consent.google.com/ml?continue=https://news.google.com/rss/articles/CBMiT2h0dHBzOi8vbW9iaWxlc3lydXAuY29tLzIwMjMvMDQvMzAvaG93LXRvLWNsZWFyLXlvdXItYW5kcm9pZC1zbWFydHBob25lcy1jYWNoZS_SAQA?oc%3D5&gl=FR&hl=en-US&cm=2&pc=n&src=1,,2023-04-30T22:00:00Z,"We use cookies and data to<ul><li>Deliver and maintain Google services</li><li>Track outages and protect against spam, fraud, and abuse</li><li>Measure audience engagement and site statistics to unde… [+1131 chars]"
"{'id': 'google-news', 'name': 'Google News'}",,DICK YARBROUGH: Finding good news in a bad news business - The Albany Herald,DICK YARBROUGH: Finding good news in a bad news business  The Albany Herald,https://consent.google.com/ml?continue=https://news.google.com/rss/articles/CBMijgFodHRwczovL3d3dy5hbGJhbnloZXJhbGQuY29tL29waW5pb24vZGljay15YXJicm91Z2gtZmluZGluZy1nb29kLW5ld3MtaW4tYS1iYWQtbmV3cy1idXNpbmVzcy9hcnRpY2xlXzFjOTI4ZDUwLWU3NWItMTFlZC04NGEzLTRiYjA0YmNhYWNiNy5odG1s0gEA?oc%3D5&gl=FR&hl=en-US&cm=2&pc=n&src=1,,2023-04-30T22:00:00Z,"We use cookies and data to<ul><li>Deliver and maintain Google services</li><li>Track outages and protect against spam, fraud, and abuse</li><li>Measure audience engagement and site statistics to unde… [+1131 chars]"
"{'id': 'google-news', 'name': 'Google News'}",,"Победитель шоу «Маска» Лазарев: почему косил под женщину на каблуках, как скрывался от детей и соперничал с Биланом - StarHit.ru","<ol><li>Победитель шоу «Маска» Лазарев: почему косил под женщину на каблуках, как скрывался от детей и соперничал с Биланом  StarHit.ru
</li><li>«Наш шоу-бизнес – лучший шоу-бизнес в мире!»: кто скрывался в костюме Пуделя в четвертой «Маске»  TELEPROGRAMMA.P…",https://consent.google.com/ml?continue=https://news.google.com/rss/articles/CBMingFodHRwczovL3d3dy5zdGFyaGl0LnJ1L2ludGVydmlldy9wb2JlZGl0ZWwtc2hvdS1tYXNrYS1sYXphcmV2LXBvY2hlbXUta29zaWwtcG9kLXpoZW5zaGludS1uYS1rYWJsdWtha2gta2FrLXNrcnl2YWxzeWEtb3QtZGV0ZWktaS1zb3Blcm5pY2hhbC1zLWJpbGFub20tODgyMTQ4L9IBAA?oc%3D5&gl=FR&hl=en-US&cm=2&pc=n&src=1,,2023-04-30T22:00:00Z,"We use cookies and data to<ul><li>Deliver and maintain Google services</li><li>Track outages and protect against spam, fraud, and abuse</li><li>Measure audience engagement and site statistics to unde… [+1131 chars]"
"{'id': 'google-news', 'name': 'Google News'}",,Blue Raider Rally Falls Short Sunday Against LA Tech - GoBlueRaiders.com,Blue Raider Rally Falls Short Sunday Against LA Tech  GoBlueRaiders.com,https://consent.google.com/ml?continue=https://news.google.com/rss/articles/CBMia2h0dHBzOi8vZ29ibHVlcmFpZGVycy5jb20vbmV3cy8yMDIzLzQvMzAvYmFzZWJhbGwtYmx1ZS1yYWlkZXItcmFsbHktZmFsbHMtc2hvcnQtc3VuZGF5LWFnYWluc3QtbGEtdGVjaC5hc3B40gEA?oc%3D5&gl=FR&hl=en-US&cm=2&pc=n&src=1,,2023-04-30T21:58:37Z,"We use cookies and data to<ul><li>Deliver and maintain Google services</li><li>Track outages and protect against spam, fraud, and abuse</li><li>Measure audience engagement and site statistics to unde… [+1131 chars]"
"{'id': 'google-news', 'name': 'Google News'}",,Blue Raider Rally Falls Short Sunday Against LA Tech - GoBlueRaiders.com,Blue Raider Rally Falls Short Sunday Against LA Tech  GoBlueRaiders.com,https://consent.google.com/ml?continue=https://news.google.com/rss/articles/CBMiZmh0dHBzOi8vZ29ibHVlcmFpZGVycy5jb20vbmV3cy8yMDIzLzQvMzAvYmFzZWJhbGwtYmx1ZS1yYWlkZXItcmFsbHktZmFsbHMtc2hvcnQtc3VuZGF5LWFnYWluc3QtbGEtdGVjaNIBAA?oc%3D5&gl=FR&hl=en-US&cm=2&pc=n&src=1,,2023-04-30T21:58:37Z,"We use cookies and data to<ul><li>Deliver and maintain Google services</li><li>Track outages and protect against spam, fraud, and abuse</li><li>Measure audience engagement and site statistics to unde… [+1131 chars]"
"{'id': 'google-news', 'name': 'Google News'}",,"Tigers Complete Comeback at Virginia Tech, Rittman Reaches ... - Clemson Tigers","Tigers Complete Comeback at Virginia Tech, Rittman Reaches ...  Clemson Tigers",https://consent.google.com/ml?continue=https://news.google.com/rss/articles/CBMiSWh0dHBzOi8vY2xlbXNvbnRpZ2Vycy5jb20vMjAyMy10aWdlcnMtY29tcGxldGUtY29tZWJhY2stYXQtdmlyZ2luaWEtdGVjaC_SAQA?oc%3D5&gl=FR&hl=en-US&cm=2&pc=n&src=1,,2023-04-30T21:58:36Z,"We use cookies and data to<ul><li>Deliver and maintain Google services</li><li>Track outages and protect against spam, fraud, and abuse</li><li>Measure audience engagement and site statistics to unde… [+1131 chars]"
"{'id': 'bbc-news', 'name': 'BBC News'}",,Haaland set for new Man City deal - Monday's gossip,"Manchester City set to extend Erling Haaland deal, Paulo Dybala could be on his way to Newcastle, Mason Mount tipped to stay at Chelsea, plus more.",https://www.bbc.co.uk/sport/65444113,https://ichef.bbci.co.uk/live-experience/cps/624/cpsprodpb/F271/production/_129556026_-93d65a9a-6a3a-489d-9115-1d8c75c23074.png,2023-04-30T21:58:18Z,"Manchester City are preparing to open talks with Norway striker Erling Haaland, 22, over a new contract. (Football Insider)external-link
Crystal Palace and Ivory Coast attacker Wilfried Zaha is attr… [+1531 chars]"
"{'id': 'google-news', 'name': 'Google News'}",,Geheimdienst-Einsatz in Syrien: Erdogan meldet Tötung von IS-Anführer - n-tv NACHRICHTEN,"<ol><li>Geheimdienst-Einsatz in Syrien: Erdogan meldet Tötung von IS-Anführer  n-tv NACHRICHTEN
</li><li>IS: Türkei verkündet „Neutralisierung“ von IS-Anführer in Syrien  WELT
</li><li>Geheimdiensteinsatz in Syrien: Türkei will mutmaßlichen IS-Anführer »neu…",https://consent.google.com/ml?continue=https://news.google.com/rss/articles/CBMiWGh0dHBzOi8vd3d3Lm4tdHYuZGUvcG9saXRpay9FcmRvZ2FuLW1lbGRldC1Ub2V0dW5nLXZvbi1JUy1BbmZ1ZWhyZXItYXJ0aWNsZTI0MDkwMjEyLmh0bWzSAVhodHRwczovL2FtcC5uLXR2LmRlL3BvbGl0aWsvRXJkb2dhbi1tZWxkZXQtVG9ldHVuZy12b24tSVMtQW5mdWVocmVyLWFydGljbGUyNDA5MDIxMi5odG1s?oc%3D5&gl=FR&hl=en-US&cm=2&pc=n&src=1,,2023-04-30T21:58:00Z,"We use cookies and data to<ul><li>Deliver and maintain Google services</li><li>Track outages and protect against spam, fraud, and abuse</li><li>Measure audience engagement and site statistics to unde… [+1131 chars]"
"{'id': 'google-news', 'name': 'Google News'}",,Islamic State leader killed in Syria by Turkish intelligence services ... - Reuters,Islamic State leader killed in Syria by Turkish intelligence services ...  Reuters,https://consent.google.com/ml?continue=https://news.google.com/rss/articles/CBMigAFodHRwczovL3d3dy5yZXV0ZXJzLmNvbS93b3JsZC9taWRkbGUtZWFzdC9pc2xhbWljLXN0YXRlLWxlYWRlci1raWxsZWQtc3lyaWEtYnktdHVya2lzaC1pbnRlbGxpZ2VuY2Utc2VydmljZXMtZXJkb2dhbi0yMDIzLTA0LTMwL9IBAA?oc%3D5%26hl%3Den-CA%26gl%3DCA%26ceid%3DCA:en&gl=FR&hl=en-CA&cm=2&pc=n&src=1,,2023-04-30T21:58:00Z,"We use cookies and data to<ul><li>Deliver and maintain Google services</li><li>Track outages and protect against spam, fraud, and abuse</li><li>Measure audience engagement and site statistics to unde… [+1131 chars]"
"{'id': 'google-news', 'name': 'Google News'}",,Geheimdienst-Einsatz in Syrien: Erdogan meldet Tötung von IS-Anführer - n-tv NACHRICHTEN,Geheimdienst-Einsatz in Syrien: Erdogan meldet Tötung von IS-Anführer  n-tv NACHRICHTENMehr zum Thema ansehen in Google News,https://consent.google.com/ml?continue=https://news.google.com/rss/articles/CBMiWGh0dHBzOi8vd3d3Lm4tdHYuZGUvcG9saXRpay9FcmRvZ2FuLW1lbGRldC1Ub2V0dW5nLXZvbi1JUy1BbmZ1ZWhyZXItYXJ0aWNsZTI0MDkwMjEyLmh0bWzSAQA?oc%3D5&gl=FR&hl=en-US&cm=2&pc=n&src=1,,2023-04-30T21:58:00Z,"We use cookies and data to<ul><li>Deliver and maintain Google services</li><li>Track outages and protect against spam, fraud, and abuse</li><li>Measure audience engagement and site statistics to unde… [+1131 chars]"
"{'id': 'google-news', 'name': 'Google News'}",,Эрдоган: разведка Турции ликвидировала главаря ИГ в Сирии - Коммерсантъ,"<ol><li>Эрдоган: разведка Турции ликвидировала главаря ИГ в Сирии  Коммерсантъ
</li><li>Эрдоган утверждает, что турецкая разведка убила лидера ""Исламского государства"" в Сирии - BBC News Русская служба  Би-би-си Русская служба
</li><li>Эрдоган объявил об ун…",https://consent.google.com/ml?continue=https://news.google.com/rss/articles/CBMiJWh0dHBzOi8vd3d3LmtvbW1lcnNhbnQucnUvZG9jLzU5NjYyMDLSASVodHRwczovL3d3dy5rb21tZXJzYW50LnJ1L2FtcC81OTY2MjAy?oc%3D5&gl=FR&hl=en-US&cm=2&pc=n&src=1,,2023-04-30T21:56:08Z,"We use cookies and data to<ul><li>Deliver and maintain Google services</li><li>Track outages and protect against spam, fraud, and abuse</li><li>Measure audience engagement and site statistics to unde… [+1131 chars]"
"{'id': 'google-news', 'name': 'Google News'}",,羽毛球亚锦赛：“雅思组合”不敌年轻队友国羽包揽混双冠亚军--文旅·体育--人民网 - 人民网,"<ol><li>羽毛球亚锦赛：“雅思组合”不敌年轻队友国羽包揽混双冠亚军--文旅·体育--人民网  人民网
</li><li>亚锦赛国羽收获1冠1亚混双新星2比0横扫雅思组合  新浪
</li><li>◤亚洲羽球锦标赛◢埙阀洁敏止步4强 新宇组合闯决赛|中國報  中国报
</li><li>【羽球亚锦赛】摘下一枚铜牌阀敏组合无缘决赛|光华网  光华日报
</li><li>亚锦赛国羽锁定混双冠军陈雨菲陆光祖均止步四强  新浪
</li><li>在Google 新闻上查看完整报道</li></ol>",https://consent.google.com/ml?continue=https://news.google.com/rss/articles/CBMiOWh0dHA6Ly9lbnQucGVvcGxlLmNvbS5jbi9uMS8yMDIzLzA1MDEvYzEwMTItMzI2NzY5MjUuaHRtbNIBAA?oc%3D5%26hl%3Den-CA%26gl%3DCA%26ceid%3DCA:en&gl=FR&hl=en-CA&cm=2&pc=n&src=1,,2023-04-30T21:56:00Z,"We use cookies and data to<ul><li>Deliver and maintain Google services</li><li>Track outages and protect against spam, fraud, and abuse</li><li>Measure audience engagement and site statistics to unde… [+1131 chars]"
"{'id': 'google-news', 'name': 'Google News'}",,Winnipeg police: Investigators searching for suspects following shooting | CTV News - CTV News Winnipeg,"<ol><li>Winnipeg police: Investigators searching for suspects following shooting | CTV News  CTV News Winnipeg
</li><li>Shooting, robbery on Burrows Avenue leaves man hospitalized: Winnipeg police investigate  Global News
</li><li>Man robbed, shot in Shaugh…",https://consent.google.com/ml?continue=https://news.google.com/rss/articles/CBMiYGh0dHBzOi8vd2lubmlwZWcuY3R2bmV3cy5jYS9wb2xpY2Utc2VhcmNoaW5nLWZvci1zdXNwZWN0cy1pbi1zYXR1cmRheS1ldmVuaW5nLXNob290aW5nLTEuNjM3NzcyMdIBAA?oc%3D5&gl=FR&hl=en-US&cm=2&pc=n&src=1,,2023-04-30T21:55:46Z,"We use cookies and data to<ul><li>Deliver and maintain Google services</li><li>Track outages and protect against spam, fraud, and abuse</li><li>Measure audience engagement and site statistics to unde… [+1131 chars]"
"{'id': 'google-news', 'name': 'Google News'}",,Rockies offense explodes in 12-4 win to avoid sweep - Reuters,Rockies offense explodes in 12-4 win to avoid sweep  Reuters,https://consent.google.com/ml?continue=https://news.google.com/rss/articles/CBMiYWh0dHBzOi8vd3d3LnJldXRlcnMuY29tL3Nwb3J0cy9iYXNlYmFsbC9yb2NraWVzLW9mZmVuc2UtZXhwbG9kZXMtMTItNC13aW4tYXZvaWQtc3dlZXAtMjAyMy0wNC0zMC_SAQA?oc%3D5&gl=FR&hl=en-US&cm=2&pc=n&src=1,,2023-04-30T21:55:00Z,"We use cookies and data to<ul><li>Deliver and maintain Google services</li><li>Track outages and protect against spam, fraud, and abuse</li><li>Measure audience engagement and site statistics to unde… [+1131 chars]"
"{'id': 'fox-sports', 'name': 'Fox Sports'}","Ric Bucher, Yaron Weitzman",NBA playoff dispatches: Love's impact felt in Heat's Game 1 win over Knicks,Miami got a much-needed boost from Kevin Love in Sunday's series-opening win in Madison Square Garden.,https://www.foxsports.com/stories/nba/nba-playoff-dispatches-loves-impact-felt-in-heats-game-1-win-over-knicks,https://a57.foxsports.com/statics.foxsports.com/www.foxsports.com/content/uploads/2023/04/1408/814/love-430.jpg?ve=1&tl=1,2023-04-30T21:53:51Z,"NEW YORK  Kevin Love only played 16 minutes Sunday afternoon in Madison Square Garden. His nine-point, nine-rebound, four-assists output was nice, but not the sort of line that jumps off the page. 
… [+3902 chars]"
"{'id': 'google-news', 'name': 'Google News'}",,2-year-old daughter of Bucs linebacker Shaquil Barrett drowns in family pool - Tampa Bay Times,"<ol><li>2-year-old daughter of Bucs linebacker Shaquil Barrett drowns in family pool  Tampa Bay Times
</li><li>LB Shaquil Barrett's 2-year-old daughter drowns in pool - ESPN  ESPN
</li><li>2-year-old daughter of Tampa Bay Buccaneers player drowns in swimmin…",https://consent.google.com/ml?continue=https://news.google.com/rss/articles/CBMiYGh0dHBzOi8vd3d3LnRhbXBhYmF5LmNvbS9zcG9ydHMvYnVjcy8yMDIzLzA0LzMwL3NoYXF1aWwtYmFycmV0dC1idWNzLWNoaWxkLWRyb3duaW5nLXNvdXRoLXRhbXBhL9IBAA?oc%3D5&gl=FR&hl=en-US&cm=2&pc=n&src=1,,2023-04-30T21:53:32Z,"We use cookies and data to<ul><li>Deliver and maintain Google services</li><li>Track outages and protect against spam, fraud, and abuse</li><li>Measure audience engagement and site statistics to unde… [+1131 chars]"
"{'id': 'cbs-news', 'name': 'CBS News'}",Cbs Baltimore Staff,Police investigating T-Mobile Store after employee shot during armed robbery in SE Baltimore,A store employee of a business was shot during an armed robbery Sunday afternoon in Southeast Baltimore.,https://www.cbsnews.com/baltimore/news/police-investigating-t-mobile-store-after-employee-shot-during-armed-robbery-in-se-baltimore/,https://assets1.cbsnewsstatic.com/hub/i/r/2023/04/30/720ab3e6-ee44-4f9c-a542-a709412f7d96/thumbnail/1200x630/10f1cacc386666e7a77662b6f09f2191/shooting.jpg,2023-04-30T21:52:41Z,"BALTIMORE - A store employee of a business was shot during an armed robbery Sunday afternoon in the Canton neighborhood in Southeast Baltimore.
WJZ News cameras were at the scene as officers were in… [+744 chars]"
"{'id': 'cnn', 'name': 'CNN'}",Marysabel E. Huston-Crespo,"Met Gala 2023: cuál es el tema, asistentes, horario y cómo ver",El Met Gala 2023 rendirá tributo a la extensa carrera del diseñador alemán Karl Lagerfeld. Esto es lo que podemos esperar del evento.,https://cnnespanol.cnn.com/2023/04/30/met-gala-2023-karl-lagerfeld-tematica-como-ver-asistentes-huston-zona-pop-orix/,https://cnnespanol.cnn.com/wp-content/uploads/2023/04/met-gala-karl-lagerfeld-getty-file.jpg?quality=100&strip=info,2023-04-30T21:52:20Z,"Jared Leto dará vida a Karl Lagerfeld 1:22
(CNN Español)  El Met Gala, una de las fiestas con más derroche de moda en Estados Unidos, está a la vuelta de la esquina.
El Museo de Arte Metropolitano … [+4338 chars]"
"{'id': 'google-news', 'name': 'Google News'}",,Teachers in Six Nations ask Canadians not to forget impact of federal strike on Indigenous students - CBC.ca,Teachers in Six Nations ask Canadians not to forget impact of federal strike on Indigenous students  CBC.ca,https://consent.google.com/ml?continue=https://news.google.com/rss/articles/CBMiU2h0dHBzOi8vd3d3LmNiYy5jYS9uZXdzL2NhbmFkYS9oYW1pbHRvbi9wc2FjLXN0cmlrZS1zaXgtbmF0aW9ucy1lZHVjYXRpb24tMS42ODI3NDE50gEA?oc%3D5&gl=FR&hl=en-US&cm=2&pc=n&src=1,,2023-04-30T21:51:47Z,"We use cookies and data to<ul><li>Deliver and maintain Google services</li><li>Track outages and protect against spam, fraud, and abuse</li><li>Measure audience engagement and site statistics to unde… [+1131 chars]"
"{'id': 'google-news', 'name': 'Google News'}",,Leafs fan arrested for public intoxication after slapping a horse’s behind Saturday - Toronto Star,"<ol><li>Leafs fan arrested for public intoxication after slapping a horse’s behind Saturday  Toronto Star
</li><li>Arrest made after man slaps police horse at Leafs playoff celebration | CTV News  CTV News Toronto
</li><li>Arrest made after man slaps police…",https://consent.google.com/ml?continue=https://news.google.com/rss/articles/CBMigwFodHRwczovL3d3dy50aGVzdGFyLmNvbS9uZXdzL2d0YS8yMDIzLzA0LzMwL2xlYWZzLWZhbi1hcnJlc3RlZC1mb3ItcHVibGljLWludG94aWNhdGlvbi1hZnRlci1zbGFwcGluZy1hLWhvcnNlcy1iZWhpbmQtc2F0dXJkYXkuaHRtbNIBhwFodHRwczovL3d3dy50aGVzdGFyLmNvbS9hbXAvbmV3cy9ndGEvMjAyMy8wNC8zMC9sZWFmcy1mYW4tYXJyZXN0ZWQtZm9yLXB1YmxpYy1pbnRveGljYXRpb24tYWZ0ZXItc2xhcHBpbmctYS1ob3JzZXMtYmVoaW5kLXNhdHVyZGF5Lmh0bWw?oc%3D5&gl=FR&hl=en-US&cm=2&pc=n&src=1,,2023-04-30T21:51:32Z,"We use cookies and data to<ul><li>Deliver and maintain Google services</li><li>Track outages and protect against spam, fraud, and abuse</li><li>Measure audience engagement and site statistics to unde… [+1131 chars]"
"{'id': 'usa-today', 'name': 'USA Today'}","USA TODAY, Lorenzo Reyes, USA TODAY",2-year-old daughter of Tampa Bay Buccaneers LB Shaquil Barrett drowns in family pool,Tampa police said they were dispatched Sunday in response to a report that a child had fallen into a family pool. Arrayah Barrett was two years old.,https://www.usatoday.com/story/sports/nfl/buccaneers/2023/04/30/young-daughter-bucs-lb-shaquil-barrett-drowns-family-pool/11773291002/,"https://www.gannett-cdn.com/presto/2021/03/15/USAT/ca474ee6-0b98-4029-8001-c20394e32214-USATSI_15544485.jpg?crop=2612,1469,x110,y139&width=2612&height=1469&format=pjpg&auto=webp",2023-04-30T21:51:28Z,"The two-year old daughter of Tampa Bay Buccaneers linebacker Shaquil Barrett drowned Sunday morning in the family's swimming pool, Tampa (Florida) police confirmed.
Arrayah Barrett was the youngest … [+1671 chars]"
"{'id': 'cnn', 'name': 'CNN'}",Dan Heching,Michael J. Fox calls Parkinson's disease 'the gift that keeps on taking' in candid new interview,"Michael J. Fox is focused on optimism and gratitude as he discusses living with Parkinson's disease in a new interview with Jane Pauley for ""CBS Sunday Morning.""",https://www.cnn.com/2023/04/30/entertainment/michael-j-fox-parkinsons-disease-cbs-interview/index.html,"https://media.cnn.com/api/v1/images/stellar/prod/230430171712-michael-j-fox-parkinsons-disease-cbs-interview.jpg?c=16x9&q=w_800,c_fill",2023-04-30T21:51:17Z,"Michael J. Fox is focused on optimism and gratitude as he discusses living with Parkinsons disease in a new interview with Jane Pauley for CBS Sunday Morning.
The Back to the Future star, now 61, to… [+1593 chars]"
"{'id': 'google-news', 'name': 'Google News'}",,Michael J. Fox calls Parkinson's disease 'the gift that keeps on taking' in candid new interview - CNN,"<ol><li>Michael J. Fox calls Parkinson's disease 'the gift that keeps on taking' in candid new interview  CNN
</li><li>Michael J. Fox says it's 'very possible' he 'did some damage' in the '80s as he speculates about what contributed to his Parkinson's diseas…",https://consent.google.com/ml?continue=https://news.google.com/rss/articles/CBMiZmh0dHBzOi8vd3d3LmNubi5jb20vMjAyMy8wNC8zMC9lbnRlcnRhaW5tZW50L21pY2hhZWwtai1mb3gtcGFya2luc29ucy1kaXNlYXNlLWNicy1pbnRlcnZpZXcvaW5kZXguaHRtbNIBAA?oc%3D5&gl=FR&hl=en-US&cm=2&pc=n&src=1,,2023-04-30T21:51:00Z,"We use cookies and data to<ul><li>Deliver and maintain Google services</li><li>Track outages and protect against spam, fraud, and abuse</li><li>Measure audience engagement and site statistics to unde… [+1131 chars]"
"{'id': 'google-news', 'name': 'Google News'}",,Michael J. Fox calls Parkinson's disease 'the gift that keeps on taking' in candid new interview - CNN,"<ol><li>Michael J. Fox calls Parkinson's disease 'the gift that keeps on taking' in candid new interview  CNN
</li><li>Michael J. Fox says he may have done 'some damage' before Parkinson's  Insider
</li><li>Michael J. Fox on Parkinson's, and maintaining opt…",https://consent.google.com/ml?continue=https://news.google.com/rss/articles/CBMiZmh0dHBzOi8vd3d3LmNubi5jb20vMjAyMy8wNC8zMC9lbnRlcnRhaW5tZW50L21pY2hhZWwtai1mb3gtcGFya2luc29ucy1kaXNlYXNlLWNicy1pbnRlcnZpZXcvaW5kZXguaHRtbNIBamh0dHBzOi8vYW1wLmNubi5jb20vY25uLzIwMjMvMDQvMzAvZW50ZXJ0YWlubWVudC9taWNoYWVsLWotZm94LXBhcmtpbnNvbnMtZGlzZWFzZS1jYnMtaW50ZXJ2aWV3L2luZGV4Lmh0bWw?oc%3D5&gl=FR&hl=en-US&cm=2&pc=n&src=1,,2023-04-30T21:51:00Z,"We use cookies and data to<ul><li>Deliver and maintain Google services</li><li>Track outages and protect against spam, fraud, and abuse</li><li>Measure audience engagement and site statistics to unde… [+1131 chars]"
"{'id': 'google-news', 'name': 'Google News'}",,美国数家大型银行已提交收购第一共和银行的报价 - 新浪,"<ol><li>美国数家大型银行已提交收购第一共和银行的报价  新浪
</li><li>第一共和“花落谁家”？报道：FDIC要求摩根大通等竞购者周日前提交最终报价  华尔街见闻
</li><li>第一共和銀行或週末宣布破產 傳小摩等競購  大纪元
</li><li>又“爆雷”了！这一银行，即将被接管并出售？  瞭望东方周刊
</li><li>竞标第一共和银行案 CNBC：美国银行亦参与|中國報  中国报
</li><li>在Google 新闻上查看完整报道</li></ol>",https://consent.google.com/ml?continue=https://news.google.com/rss/articles/CBMiRWh0dHBzOi8vZmluYW5jZS5zaW5hLmNvbS5jbi9qanh3LzIwMjMtMDUtMDEvZG9jLWlteXNmbWV4MTM4MTY3NS5zaHRtbNIBAA?oc%3D5%26hl%3Den-CA%26gl%3DCA%26ceid%3DCA:en&gl=FR&hl=en-CA&cm=2&pc=n&src=1,,2023-04-30T21:50:51Z,"We use cookies and data to<ul><li>Deliver and maintain Google services</li><li>Track outages and protect against spam, fraud, and abuse</li><li>Measure audience engagement and site statistics to unde… [+1131 chars]"
